contact_ref,person_name,birth_date,joined_date,acct_state,email_addr,phone,street_address,city_name,country
201,Uma Brown,1961-12-09,2021-04-05,inactive,uma.brown14@example.org,+1-958-658-2424,9675 Park Way,Austin,United States
202,Clara Miller,1974-09-20,2020-09-07,inactive,clara.miller84@example.org,+1-758-529-4611,7360 Sunset Blvd,Phoenix,Spain
203,Blake Smith,1970-12-14,2022-05-05,active,blake.smith98@example.net,+1-304-194-7224,1585 River Dr,San Diego,France
204,Tina Wilson,1962-12-15,2024-02-13,active,tina.wilson71@example.net,+1-843-733-6925,9460 Cedar Rd,Detroit,Canada
205,Bob Wright,1974-05-03,2021-02-13,active,bob.wright59@example.org,+1-573-266-7065,5821 Cedar Rd,Nashville,Germany
206,Wendy Wright,1964-10-21,2021-09-24,active,wendy.wright21@example.net,+1-588-376-4598,5314 Bay Dr,Minneapolis,Spain
207,Bob Davis,1962-06-13,2022-02-07,suspended,bob.davis92@example.net,+1-417-771-9179,6483 Forest Ave,Atlanta,United Kingdom
208,Irene Jones,1975-12-18,2024-05-24,suspended,irene.jones55@example.org,+1-608-470-4593,2267 Lake St,Atlanta,Canada
209,Yara Johnson,1967-03-21,2021-11-14,suspended,yara.johnson9@example.net,+1-590-710-8668,8670 Elm Blvd,Miami,Italy
210,Alice Wright,1967-11-18,2022-11-11,active,alice.wright38@example.net,+1-361-564-1053,4316 Lake St,Minneapolis,United Kingdom
211,Quinn Brown,2000-05-27,2025-09-20,active,quinn.brown20@example.net,+1-980-265-9837,8690 Oak Lane,Dallas,France
212,Paul Smith,1967-06-27,2022-04-02,active,paul.smith73@example.com,+1-287-849-8962,1134 Spring St,Miami,Spain
213,Eva Jones,1990-09-06,2022-09-28,suspended,eva.jones55@example.com,+1-752-873-4295,5108 Park Way,Nashville,Mexico
214,Leo Harris,1993-08-04,2021-04-03,active,leo.harris3@example.org,+1-767-335-4608,118 Maple Ave,Detroit,Mexico
215,Bob Davis,1964-01-28,2022-02-17,active,bob.davis36@example.org,+1-697-319-9834,2168 Valley Rd,Tampa,Brazil
216,Sam Martin,1975-08-26,2023-04-04,active,sam.martin85@example.net,+1-562-533-7735,7652 Bay Dr,Detroit,United States
217,Victor King,1966-01-13,2025-06-26,active,victor.king32@example.com,+1-394-649-8350,2297 Park Way,Denver,Germany
218,Olivia Davis,1964-08-26,2024-02-02,inactive,olivia.davis70@example.com,+1-295-871-4872,2725 Park Way,Atlanta,Sweden
219,Grace Jackson,1963-03-13,2020-07-09,active,grace.jackson37@example.net,+1-913-848-8973,2537 Cedar Rd,Phoenix,Australia
220,Bob Young,1994-01-24,2022-01-02,suspended,bob.young62@example.org,+1-743-261-1931,8321 Maple Ave,San Diego,United Kingdom
221,Clara Allen,1964-11-28,2021-07-04,suspended,clara.allen32@example.org,+1-808-140-2343,6869 Forest Ave,Dallas,Brazil
222,Quinn Anderson,1976-04-22,2025-06-08,active,quinn.anderson51@example.com,+1-887-760-5915,7492 River Dr,Tampa,Spain
223,Dean Williams,1960-08-20,2024-02-03,suspended,dean.williams28@example.org,+1-471-235-6718,1128 Cedar Rd,Seattle,Germany
224,Frank Harris,1994-12-10,2024-11-17,active,frank.harris86@example.org,+1-506-779-2697,2201 Elm Blvd,Portland,Canada
225,Xavier Moore,1969-05-10,2024-04-23,active,xavier.moore27@example.org,+1-849-973-5325,8281 Hill Rd,Phoenix,Italy
226,Bob Williams,2000-07-27,2022-01-01,active,bob.williams99@example.com,+1-852-368-3647,7240 Lake St,Detroit,Netherlands
227,Rachel Smith,1967-02-23,2021-09-02,active,rachel.smith75@example.org,+1-351-540-3088,686 Elm Blvd,Seattle,Spain
228,Blake Johnson,1982-04-22,2021-11-04,active,blake.johnson72@example.net,+1-835-867-3532,3879 Bay Dr,Denver,Spain
229,Zach Garcia,1986-01-06,2025-06-26,active,zach.garcia86@example.org,+1-454-373-3608,1772 Park Way,San Diego,United States
230,Blake Martin,1974-04-27,2023-06-10,active,blake.martin29@example.com,+1-875-297-7528,5379 Elm Blvd,San Diego,Canada
231,Yara Wilson,1982-11-17,2023-11-27,suspended,yara.wilson43@example.com,+1-318-998-5279,2926 Sunset Blvd,Phoenix,United States
232,David Allen,1987-06-24,2022-07-20,suspended,david.allen15@example.net,+1-790-294-5173,728 Valley Rd,Boston,United States
233,Quinn Adams,1994-11-24,2025-12-22,active,quinn.adams47@example.net,+1-271-780-6409,5144 Forest Ave,San Diego,Canada
234,Xavier Taylor,1992-05-22,2023-06-13,inactive,xavier.taylor38@example.org,+1-330-296-7888,6212 Forest Ave,Detroit,United Kingdom
235,Tina Young,1979-07-18,2020-05-10,active,tina.young56@example.org,+1-821-770-6279,7619 Hill Rd,Atlanta,Mexico
236,Grace Thompson,1990-12-06,2025-02-10,suspended,grace.thompson85@example.org,+1-834-443-2530,3849 Forest Ave,Phoenix,Australia
237,Zach Miller,1969-01-02,2021-08-20,active,zach.miller59@example.net,+1-844-689-4185,6292 Hill Rd,Boston,Australia
238,Eva King,1960-02-25,2023-04-06,inactive,eva.king67@example.net,+1-251-670-5082,1989 Hill Rd,Denver,Spain
239,Olivia Wright,1993-09-20,2022-08-20,inactive,olivia.wright65@example.net,+1-761-556-3607,7778 Hill Rd,Phoenix,Spain
240,Henry Nelson,2000-05-25,2024-08-21,active,henry.nelson36@example.net,+1-279-830-5681,3842 Elm Blvd,Seattle,France
241,Cleo Moore,1965-03-05,2021-07-23,active,cleo.moore91@example.com,+1-265-524-7678,5422 Lake St,Atlanta,Netherlands
242,Bob Miller,1986-07-25,2024-12-01,suspended,bob.miller49@example.net,+1-206-460-5892,6390 Bay Dr,Tampa,Italy
243,Nathan Moore,1994-10-08,2023-04-09,active,nathan.moore63@example.com,+1-598-444-7624,2705 Bay Dr,Atlanta,United Kingdom
244,Tina Moore,1961-07-19,2024-11-01,active,tina.moore83@example.net,+1-338-987-8564,2978 Oak Lane,Phoenix,Netherlands
245,Karen Miller,1989-06-11,2023-05-25,active,karen.miller33@example.com,+1-681-119-9837,854 River Dr,Chicago,Mexico
246,Clara Baker,1962-01-08,2021-01-20,active,clara.baker31@example.com,+1-684-785-2874,9241 Cedar Rd,Atlanta,India
247,Irene Baker,1983-03-20,2024-12-23,active,irene.baker21@example.net,+1-310-692-1420,5112 Sunset Blvd,Nashville,Netherlands
248,Mia Scott,1972-02-19,2025-11-08,active,mia.scott90@example.net,+1-900-714-2983,9273 Spring St,Austin,France
249,Rachel White,1983-02-17,2025-06-01,active,rachel.white63@example.com,+1-643-470-8532,2507 Park Way,Denver,India
250,Quinn King,1977-10-26,2024-08-15,active,quinn.king94@example.org,+1-474-430-5022,1420 Elm Blvd,Tampa,Sweden
251,Henry Baker,1989-10-20,2025-07-11,active,henry.baker64@example.net,+1-386-599-4475,5814 Spring St,Phoenix,France
252,Irene Allen,1977-09-01,2024-04-03,active,irene.allen93@example.net,+1-700-668-4937,7801 Forest Ave,Detroit,Sweden
253,Olivia Adams,1961-02-10,2021-07-23,active,olivia.adams40@example.org,+1-795-477-8753,9069 Lake St,Seattle,Netherlands
254,Xavier Moore,1981-06-23,2023-05-10,active,xavier.moore30@example.com,+1-938-297-6169,1959 Valley Rd,Miami,Spain
255,Wendy Garcia,1972-04-24,2023-05-24,suspended,wendy.garcia98@example.org,+1-811-389-2647,3181 Elm Blvd,Chicago,France
256,Frank Taylor,1960-12-18,2021-05-02,active,frank.taylor71@example.net,+1-914-229-9042,1681 Bay Dr,Austin,Brazil
257,Jack Martin,1990-08-11,2021-01-09,active,jack.martin15@example.com,+1-610-603-2213,9454 Forest Ave,Nashville,United States
258,Eva Jones,1996-05-03,2021-02-18,active,eva.jones78@example.org,+1-833-331-9561,6233 Hill Rd,Tampa,Sweden
259,Jack Young,1987-05-19,2024-01-20,inactive,jack.young13@example.com,+1-840-316-5335,1331 Pine St,Chicago,United Kingdom
260,Rachel Williams,1970-01-14,2023-12-20,active,rachel.williams38@example.com,+1-437-395-5632,7439 Maple Ave,Nashville,Australia
261,Dean Wilson,2000-10-22,2021-07-04,suspended,dean.wilson29@example.org,+1-352-372-3330,1170 Oak Lane,Denver,Spain
262,Jack Allen,1996-05-15,2020-08-23,active,jack.allen90@example.net,+1-478-612-9847,8091 Hill Rd,Portland,Brazil
263,Bob White,1980-10-09,2020-02-08,inactive,bob.white74@example.org,+1-221-883-5415,9442 Oak Lane,Minneapolis,Spain
264,Frank Martin,1993-11-15,2022-03-19,active,frank.martin82@example.net,+1-293-581-6700,6691 River Dr,Seattle,Mexico
265,David Garcia,1981-07-23,2023-05-22,active,david.garcia98@example.org,+1-237-565-2442,5154 Elm Blvd,Seattle,Canada
266,Yara Jackson,1992-01-22,2024-08-14,active,yara.jackson25@example.org,+1-570-737-9167,7243 Spring St,Austin,Australia
267,Irene Moore,1968-05-15,2025-08-04,active,irene.moore81@example.org,+1-445-826-3594,5092 Lake St,Austin,Japan
268,Nathan Williams,1974-02-15,2020-11-27,active,nathan.williams64@example.org,+1-498-621-5479,6808 Bay Dr,Atlanta,Sweden
269,Henry Harris,1995-03-13,2021-10-17,inactive,henry.harris18@example.com,+1-482-891-7798,5569 Spring St,Miami,Germany
270,Aria Smith,1978-12-10,2024-10-22,active,aria.smith20@example.net,+1-751-595-6654,5447 Lake St,Minneapolis,Japan
271,Mia Harris,1980-04-23,2021-10-13,active,mia.harris53@example.com,+1-525-862-8749,6247 Park Way,Nashville,Spain
272,Aria King,1969-08-02,2021-09-19,active,aria.king13@example.net,+1-302-638-8486,252 Valley Rd,Denver,Netherlands
273,Blake King,1969-02-16,2022-06-20,inactive,blake.king51@example.org,+1-282-972-6383,8743 Park Way,Seattle,Mexico
274,Wendy Baker,1991-09-02,2024-02-08,inactive,wendy.baker88@example.net,+1-432-864-2480,7111 Maple Ave,Minneapolis,Mexico
275,Wendy Brown,1988-03-23,2022-01-02,active,wendy.brown8@example.net,+1-567-483-8056,2386 Cedar Rd,Miami,Netherlands
276,Sam Wright,1971-03-06,2020-10-28,active,sam.wright80@example.org,+1-446-609-3344,3805 Hill Rd,Nashville,Germany
277,Olivia Wilson,1960-08-10,2025-09-06,active,olivia.wilson57@example.net,+1-801-406-7951,4098 Hill Rd,San Diego,Germany
278,Grace Jackson,1990-02-08,2023-10-12,suspended,grace.jackson38@example.org,+1-502-122-7484,4498 Oak Lane,Dallas,Italy
279,Victor Baker,1963-10-24,2023-05-25,active,victor.baker78@example.net,+1-424-751-4115,4107 Forest Ave,Minneapolis,India
280,Yara Wright,1968-11-04,2025-11-02,active,yara.wright57@example.com,+1-793-473-3153,1477 Elm Blvd,Seattle,India
281,Nathan Garcia,1972-03-26,2024-06-17,suspended,nathan.garcia35@example.com,+1-463-944-8894,4836 Valley Rd,San Diego,France
282,Zach Brown,1989-02-05,2021-11-24,inactive,zach.brown51@example.org,+1-574-192-7464,229 Elm Blvd,Miami,Canada
283,Olivia Thomas,1976-10-13,2025-06-04,inactive,olivia.thomas30@example.net,+1-225-734-6374,9996 Cedar Rd,Nashville,Canada
284,Uma Nelson,1989-12-10,2025-07-04,active,uma.nelson6@example.com,+1-511-604-2902,1593 Cedar Rd,Tampa,Japan
285,Eva Jackson,1989-06-22,2025-12-18,active,eva.jackson76@example.org,+1-944-258-7797,1623 Bay Dr,Atlanta,Brazil
286,Nathan Wilson,1962-12-12,2021-08-15,active,nathan.wilson47@example.com,+1-902-476-9920,5877 Oak Lane,Boston,Germany
287,Grace Brown,1989-02-22,2021-11-21,suspended,grace.brown3@example.com,+1-541-349-3063,9251 Cedar Rd,Portland,Italy
288,Yara Moore,1973-10-07,2021-06-25,active,yara.moore77@example.com,+1-483-979-3370,2130 Lake St,Phoenix,Spain
289,Frank Brown,1961-03-01,2022-04-19,active,frank.brown3@example.com,+1-471-153-3076,6898 Lake St,Portland,India
290,Clara Martin,1988-06-17,2024-02-15,suspended,clara.martin29@example.org,+1-244-844-9543,4942 Hill Rd,Nashville,United States
291,Bob Martin,1985-07-22,2020-08-23,active,bob.martin10@example.com,+1-529-722-3430,1077 Pine St,Phoenix,Brazil
292,Uma Young,1995-12-11,2023-10-17,active,uma.young59@example.org,+1-819-540-2624,1875 Bay Dr,Nashville,Mexico
293,Cleo Baker,1995-12-28,2021-07-15,active,cleo.baker53@example.net,+1-664-508-7815,1558 River Dr,Boston,France
294,Victor Wilson,1983-03-22,2023-02-03,active,victor.wilson12@example.net,+1-298-862-7105,2132 Lake St,Austin,Brazil
295,Rachel Moore,1981-11-04,2023-06-28,inactive,rachel.moore97@example.net,+1-938-152-5712,9838 Elm Blvd,Seattle,Canada
296,Sam Thompson,1973-03-22,2023-04-28,active,sam.thompson45@example.org,+1-576-217-5564,9407 Cedar Rd,Minneapolis,Netherlands
297,Blake Moore,1999-10-22,2025-09-01,suspended,blake.moore85@example.org,+1-473-129-3955,4478 Valley Rd,Minneapolis,Germany
298,Dean Anderson,1982-01-06,2021-10-22,active,dean.anderson9@example.com,+1-958-748-1502,1504 Valley Rd,Miami,Australia
299,Mia White,1989-06-06,2022-05-24,active,mia.white73@example.org,+1-286-153-3549,2580 Spring St,Dallas,United States
300,Victor Williams,1977-08-22,2023-08-20,active,victor.williams54@example.net,+1-420-873-9394,1865 River Dr,Boston,Canada
301,Jack Wright,1997-08-17,2025-05-02,active,jack.wright51@example.org,+1-256-107-4349,4939 Cedar Rd,Minneapolis,United Kingdom
302,Yara Wilson,1978-06-04,2020-08-24,active,yara.wilson23@example.com,+1-589-645-4770,8197 Lake St,San Diego,Mexico
303,Zach Thomas,1964-07-28,2025-01-14,active,zach.thomas59@example.com,+1-520-689-8033,9395 Park Way,Detroit,Mexico
304,Nathan Taylor,1967-07-01,2022-03-26,suspended,nathan.taylor59@example.org,+1-570-190-8155,1735 Cedar Rd,Boston,Brazil
305,Mia Thompson,1965-07-28,2022-12-11,active,mia.thompson43@example.com,+1-278-622-2868,8694 Lake St,Chicago,Spain
306,Leo Thomas,1969-04-04,2021-05-07,active,leo.thomas78@example.com,+1-978-877-2234,2903 Spring St,Nashville,Sweden
307,Olivia Baker,1996-10-15,2025-10-21,inactive,olivia.baker80@example.net,+1-842-423-3473,7206 Maple Ave,Atlanta,Sweden
308,Uma Taylor,1977-10-02,2022-09-03,active,uma.taylor60@example.net,+1-238-158-7041,4704 Maple Ave,Nashville,Italy
309,Blake Williams,1999-10-17,2023-08-19,suspended,blake.williams95@example.com,+1-660-929-4084,5268 Sunset Blvd,Atlanta,Japan
310,Eva Johnson,1988-02-26,2022-12-03,suspended,eva.johnson83@example.com,+1-240-353-8172,7200 Lake St,Miami,Brazil
311,Frank Thomas,1983-05-13,2023-06-22,suspended,frank.thomas7@example.org,+1-862-442-2079,5402 Maple Ave,Miami,Mexico
312,Mia Taylor,1976-12-28,2025-10-28,active,mia.taylor43@example.com,+1-796-779-3317,5732 Elm Blvd,Nashville,India
313,Victor Jackson,1968-10-23,2020-05-18,active,victor.jackson83@example.net,+1-330-786-9624,1532 Forest Ave,Nashville,Netherlands
314,Quinn Thomas,1961-06-10,2021-04-11,active,quinn.thomas25@example.com,+1-340-258-2264,4847 Bay Dr,Minneapolis,Canada
315,Quinn Baker,1994-12-17,2020-11-11,suspended,quinn.baker17@example.org,+1-585-257-3658,2963 Bay Dr,Detroit,Spain
316,Tina Adams,1970-12-15,2020-07-12,inactive,tina.adams93@example.com,+1-654-725-5668,7356 Cedar Rd,Miami,Australia
317,Jack Adams,1990-04-12,2025-10-15,active,jack.adams99@example.net,+1-996-491-9239,8642 Park Way,Denver,Italy
318,Grace Adams,1998-03-28,2022-01-21,active,grace.adams48@example.org,+1-305-828-9452,2043 Elm Blvd,Portland,Spain
319,Frank Wilson,1988-09-05,2023-02-08,active,frank.wilson45@example.com,+1-624-154-7495,8225 River Dr,Chicago,Netherlands
320,Clara Thomas,1974-01-11,2020-12-21,active,clara.thomas19@example.com,+1-239-393-8740,2274 Spring St,Detroit,Sweden
321,Olivia Allen,1960-02-01,2022-04-27,active,olivia.allen71@example.org,+1-823-640-7934,1822 Spring St,Phoenix,Australia
322,Jack Brown,1963-04-14,2025-10-15,active,jack.brown15@example.net,+1-811-648-1269,8444 Sunset Blvd,Chicago,India
323,Eva Taylor,1987-01-20,2022-04-19,active,eva.taylor24@example.org,+1-884-187-9576,5909 Maple Ave,Miami,Japan
324,Quinn Adams,1992-09-01,2023-08-02,inactive,quinn.adams50@example.net,+1-459-865-1266,5851 Spring St,Portland,France
325,Henry Green,2000-02-25,2024-12-25,active,henry.green18@example.com,+1-560-659-6546,2869 Bay Dr,Minneapolis,Mexico
326,Olivia Scott,1990-11-06,2021-02-23,active,olivia.scott5@example.net,+1-406-144-4268,687 River Dr,Tampa,Germany
327,Quinn Jackson,1994-08-09,2020-11-07,active,quinn.jackson46@example.com,+1-871-439-5476,2040 Spring St,Seattle,Netherlands
328,Cleo Jackson,1988-07-11,2021-08-23,active,cleo.jackson48@example.org,+1-473-920-2353,6956 Maple Ave,Boston,Brazil
329,Aria Garcia,1994-05-11,2020-02-11,inactive,aria.garcia38@example.net,+1-656-717-7981,2731 Valley Rd,Atlanta,France
330,Olivia Johnson,1982-10-14,2022-11-26,active,olivia.johnson10@example.org,+1-852-515-6952,8407 Spring St,Detroit,Mexico
331,Frank Smith,1969-10-22,2023-01-05,active,frank.smith31@example.org,+1-575-470-7272,9294 Oak Lane,Dallas,United Kingdom
332,Victor Harris,1983-06-15,2020-10-05,suspended,victor.harris47@example.net,+1-521-765-5566,4090 Maple Ave,Austin,India
333,Frank Martin,1993-07-18,2020-05-25,active,frank.martin91@example.net,+1-419-726-5678,8048 Cedar Rd,Portland,United Kingdom
334,Blake Williams,1988-03-23,2023-02-26,inactive,blake.williams41@example.org,+1-555-826-2063,9012 Lake St,Phoenix,Germany
335,Blake Garcia,2000-03-26,2022-09-08,active,blake.garcia26@example.com,+1-442-909-9094,431 River Dr,Miami,Brazil
336,Leo Harris,1995-03-20,2020-02-10,active,leo.harris92@example.org,+1-690-638-7730,6709 Bay Dr,Dallas,Canada
337,Eva Anderson,1964-08-15,2025-09-12,active,eva.anderson71@example.org,+1-801-286-3114,7089 Lake St,Tampa,Italy
338,Bob Nelson,1967-09-05,2022-03-06,active,bob.nelson91@example.com,+1-554-631-5653,1293 Elm Blvd,Chicago,Mexico
339,Rachel Wilson,1968-11-10,2024-09-03,suspended,rachel.wilson83@example.com,+1-806-694-3526,2805 Forest Ave,Dallas,India
340,Cleo Allen,1981-10-02,2020-02-02,inactive,cleo.allen99@example.org,+1-471-766-4453,9374 Park Way,Dallas,Mexico
341,Alice Martin,2000-09-10,2025-05-16,active,alice.martin88@example.net,+1-504-564-2195,982 Pine St,Atlanta,Netherlands
342,Paul Harris,1973-06-20,2021-06-28,inactive,paul.harris41@example.org,+1-553-508-3142,6071 Lake St,Miami,Canada
343,Karen Davis,1989-02-09,2023-04-05,active,karen.davis7@example.net,+1-593-984-7850,4068 Bay Dr,Tampa,United Kingdom
344,Aria Anderson,1996-12-11,2021-03-16,suspended,aria.anderson60@example.net,+1-515-609-1379,1476 Park Way,Miami,Sweden
345,Henry Miller,1997-06-02,2020-05-16,suspended,henry.miller84@example.org,+1-681-392-9793,134 Bay Dr,Portland,Netherlands
346,Eva Wilson,1983-07-12,2020-07-02,suspended,eva.wilson72@example.com,+1-571-666-5728,1205 Park Way,Miami,Sweden
347,Yara Moore,1977-10-22,2024-02-05,active,yara.moore51@example.net,+1-547-671-6990,2364 Cedar Rd,Dallas,Japan
348,Mia Thompson,1962-01-02,2021-12-11,active,mia.thompson67@example.net,+1-352-720-9446,2291 River Dr,Tampa,Brazil
349,Karen Garcia,1985-10-24,2022-10-11,suspended,karen.garcia66@example.org,+1-701-825-5911,7781 Bay Dr,Austin,France
350,Karen Wright,1967-07-19,2022-12-28,inactive,karen.wright81@example.com,+1-811-585-5350,9478 Sunset Blvd,Chicago,India
351,Bob Young,1990-03-17,2025-12-20,active,bob.young19@example.org,+1-448-132-2800,3126 Oak Lane,Atlanta,France
352,Nathan Jones,1986-12-07,2023-09-25,suspended,nathan.jones61@example.org,+1-944-163-3262,8499 Cedar Rd,Miami,France
353,Victor Martin,1993-07-11,2021-08-18,active,victor.martin70@example.net,+1-892-890-5331,9996 Hill Rd,Chicago,Australia
354,Irene Moore,1979-04-10,2022-12-07,inactive,irene.moore91@example.net,+1-524-591-6714,9184 Spring St,Detroit,Germany
355,Jack Brown,1996-11-18,2023-07-27,active,jack.brown99@example.com,+1-497-143-5712,1295 River Dr,Tampa,Sweden
356,Uma Wilson,1990-04-07,2024-05-18,inactive,uma.wilson35@example.com,+1-311-730-4920,3973 Oak Lane,Nashville,Japan
357,Henry King,1974-01-04,2023-06-23,active,henry.king13@example.org,+1-989-240-1084,9017 Pine St,Boston,Mexico
358,Dean Martin,1990-11-07,2022-06-10,inactive,dean.martin8@example.com,+1-867-687-4804,8768 Valley Rd,Detroit,Italy
359,Dean Johnson,1971-07-27,2021-01-27,active,dean.johnson64@example.com,+1-966-993-5742,614 Oak Lane,Phoenix,Brazil
360,Tina Brown,1981-05-15,2025-09-17,active,tina.brown18@example.org,+1-679-379-4159,1846 River Dr,Denver,India
361,Olivia King,1976-12-06,2020-12-11,active,olivia.king73@example.org,+1-975-297-3875,6644 Bay Dr,Boston,Japan
362,Karen Williams,1985-11-04,2021-03-16,active,karen.williams32@example.com,+1-467-492-4858,7320 Spring St,Phoenix,France
363,Jack Young,1996-01-09,2025-06-23,active,jack.young8@example.org,+1-321-576-6026,2617 Park Way,Nashville,Japan
364,Dean Scott,1979-12-04,2025-05-12,suspended,dean.scott29@example.com,+1-336-589-3509,7455 Valley Rd,Dallas,France
365,Nathan Scott,1995-08-25,2024-11-27,active,nathan.scott98@example.com,+1-896-872-2341,8610 Hill Rd,Miami,India
366,Leo Williams,1996-02-02,2024-09-07,suspended,leo.williams69@example.com,+1-368-435-9525,7240 Maple Ave,Nashville,Australia
367,Wendy Young,1991-02-17,2023-01-15,active,wendy.young66@example.net,+1-667-677-1945,9156 Hill Rd,Nashville,Spain
368,Jack Green,1961-07-09,2020-12-07,suspended,jack.green10@example.com,+1-633-452-2044,8867 Oak Lane,Tampa,Canada
369,Dean Martin,1962-05-14,2021-03-25,inactive,dean.martin94@example.org,+1-630-483-7266,7349 Bay Dr,Tampa,Netherlands
370,Mia Williams,1994-03-21,2022-02-06,suspended,mia.williams51@example.org,+1-330-845-4648,57 Spring St,Austin,Germany
371,Olivia Wright,1994-07-18,2023-04-08,active,olivia.wright45@example.com,+1-482-293-2848,528 Spring St,Nashville,Netherlands
372,Tina Baker,1961-04-07,2020-02-20,active,tina.baker58@example.org,+1-888-820-1797,4010 Valley Rd,Austin,Netherlands
373,Olivia Davis,1994-04-25,2020-03-17,active,olivia.davis30@example.org,+1-789-426-6253,3882 Elm Blvd,Tampa,United Kingdom
374,Victor Thompson,1974-07-10,2022-01-18,suspended,victor.thompson95@example.com,+1-841-795-7999,9108 Hill Rd,Austin,France
375,Uma Wright,1984-09-11,2025-07-14,active,uma.wright39@example.net,+1-388-872-9813,7759 Cedar Rd,San Diego,Australia
376,Jack Scott,1969-08-02,2024-07-14,suspended,jack.scott68@example.com,+1-597-348-5177,3332 River Dr,Nashville,Canada
377,Dean Harris,1983-02-18,2025-04-02,active,dean.harris49@example.org,+1-819-717-1647,1193 Cedar Rd,Minneapolis,Spain
378,Sam Green,1995-04-16,2021-06-10,active,sam.green28@example.com,+1-959-220-8846,3975 Valley Rd,Dallas,India
379,Grace Jackson,1975-09-11,2022-07-15,suspended,grace.jackson84@example.net,+1-515-367-6892,8402 Hill Rd,Atlanta,Canada
380,Zach Green,1990-06-07,2022-06-14,active,zach.green73@example.com,+1-959-249-1265,4273 Lake St,Tampa,Brazil
381,Sam Green,1986-05-05,2021-06-08,active,sam.green73@example.com,+1-711-663-6530,4217 Spring St,San Diego,Sweden
382,Xavier King,1991-08-06,2025-06-06,active,xavier.king93@example.org,+1-700-288-9882,963 Lake St,Austin,Italy
383,Blake Williams,1963-01-14,2021-11-08,active,blake.williams91@example.com,+1-209-323-9285,7472 River Dr,Austin,Brazil
384,Uma Wright,1999-08-22,2023-01-01,suspended,uma.wright71@example.net,+1-212-117-9673,4502 Lake St,Phoenix,United States
385,Quinn Nelson,1987-03-04,2020-09-05,active,quinn.nelson25@example.org,+1-739-358-6807,4380 Spring St,Boston,Canada
386,Leo Jackson,1989-10-08,2025-04-10,inactive,leo.jackson11@example.org,+1-865-877-1519,1532 Park Way,Boston,Netherlands
387,Rachel Martin,1963-11-01,2025-03-03,active,rachel.martin56@example.org,+1-539-679-2562,8654 Oak Lane,Chicago,Australia
388,Cleo Scott,1996-08-09,2020-02-22,active,cleo.scott70@example.org,+1-873-133-3938,5153 Oak Lane,Chicago,Brazil
389,Eva Baker,1985-02-10,2021-10-08,suspended,eva.baker50@example.org,+1-753-439-7288,2293 Spring St,Detroit,India
390,Clara Thompson,1982-01-04,2023-04-27,active,clara.thompson44@example.org,+1-987-728-7499,5348 Oak Lane,Nashville,Germany
391,Zach Harris,1991-04-12,2024-07-14,active,zach.harris88@example.org,+1-876-489-2404,4840 Spring St,Chicago,India
392,Clara Williams,1977-03-13,2025-11-05,inactive,clara.williams50@example.net,+1-569-209-2499,86 Elm Blvd,Atlanta,France
393,Yara Wilson,1966-03-03,2021-07-15,suspended,yara.wilson72@example.org,+1-617-205-1430,1469 River Dr,Miami,Canada
394,Tina Allen,1980-07-01,2022-07-13,active,tina.allen93@example.org,+1-448-685-9537,2779 Forest Ave,Boston,United Kingdom
395,Eva Wilson,1979-05-16,2021-02-06,active,eva.wilson36@example.net,+1-506-595-2260,5917 Elm Blvd,Chicago,India
396,Uma Martin,1998-10-07,2023-02-05,active,uma.martin1@example.net,+1-540-961-7224,5400 Hill Rd,Seattle,Netherlands
397,Aria Nelson,1998-03-10,2022-10-23,active,aria.nelson62@example.net,+1-381-507-6228,4776 Valley Rd,Detroit,Mexico
398,Paul Young,1975-06-13,2022-07-12,active,paul.young73@example.com,+1-806-658-3947,9013 Oak Lane,Detroit,Sweden
399,Wendy Miller,1988-05-27,2025-02-27,active,wendy.miller87@example.net,+1-342-748-5961,3966 Elm Blvd,Nashville,United Kingdom
400,Wendy White,1984-02-15,2024-08-19,active,wendy.white69@example.org,+1-908-528-9907,603 Spring St,Seattle,India
