CustomerID,FullName,Email,Phone,DOB,Address,City,Country,SignupDate
1,Allison Hill,donaldgarcia@example.net,+1-219-560-0133,1969-12-27,79402 Peterson Drives Apt. 511,Davisstad,Netherlands,2024-08-03
2,Monica Herrera,smiller@example.net,+1-659-931-0341x316,1962-03-30,55341 Amanda Gardens Apt. 764,Lake Mark,Seychelles,2023-09-14
3,Andrew Stewart,carl95@example.org,+1-876-772-4238x8496,1984-09-03,87101 Courtney Turnpike,Carlsonfurt,Hong Kong,2025-12-31
4,Kendra Maddox DVM,frazierdanny@example.net,001-645-514-6270x48281,1981-12-20,2880 Burns Creek,Natashaport,Dominican Republic,2023-09-17
5,Keith Miller,wcabrera@example.net,001-822-778-2489x63834,1980-01-10,713 Caleb Brooks Apt. 930,Lake Crystalbury,Bangladesh,2023-08-07
6,Andrea Young,ilewis@example.net,001-897-737-6311,1972-07-08,7010 Chandler Union Apt. 333,Taylorburgh,Fiji,2025-06-07
7,Thomas Ramos,williamsyvette@example.org,432-867-7360,1969-03-12,4746 Moore Hill,North Beth,Mauritius,2023-09-22
8,Amy Silva,brianromero@example.org,291-336-1939,1967-10-19,998 Donovan Ford Suite 346,Lake Debbie,Kuwait,2024-10-23
9,Taylor Smith,jonesjason@example.com,(651)235-4278,1997-11-07,124 Pamela Summit Apt. 449,Lake Matthew,Poland,2026-03-01
10,Kathy King,davisrodney@example.com,2053242786,1962-11-07,280 Aguilar Drive,Andersonport,Haiti,2023-08-20
11,Christine Wright,gomezanita@example.com,+1-423-322-6025x634,1962-09-03,73375 Hoover Well Apt. 303,Murphyland,Sierra Leone,2024-08-26
12,Jordan Frazier,sheila14@example.org,001-340-819-6556,1968-05-28,0608 Michael Cliff,Cindyville,Saint Helena,2024-09-28
13,Mary Nguyen,angela36@example.net,(729)994-6804x4369,1979-08-13,3872 Justin Shore Suite 134,Port James,Anguilla,2023-08-30
14,John Atkinson,gibsonolivia@example.net,567.463.2016,1980-11-14,83172 Contreras Points Suite 798,Rivasside,Kiribati,2024-02-22
15,Karen Green,maryramirez@example.net,434.571.4345x5812,2005-05-03,231 Russell Plains Suite 603,Priceshire,Yemen,2026-06-04
16,Spencer Johnston,wsmith@example.com,001-766-888-9373x46706,1962-05-19,2980 Vargas Shore,North Dawnberg,Tonga,2025-06-06
17,David Murphy,wmurphy@example.com,264-517-0805x310,1977-11-02,92327 Anne Forge,Lyonsstad,Chad,2026-01-16
18,Nicole Wilson,tamirodriguez@example.org,296-763-1931x4919,1997-08-20,518 Smith Manor Suite 165,Zimmermanchester,Christmas Island,2025-09-07
19,Debra Morton,umarshall@example.net,253-914-7379x965,1979-10-11,73545 Beard Squares Suite 808,North John,Ireland,2025-07-17
20,Cynthia Alvarez,bwest@example.org,736-734-9578x8568,2000-04-19,4431 Leslie Summit Apt. 337,Jennyhaven,Nepal,2024-09-01
21,Dr. Elizabeth Ward,alexis82@example.com,6089427109,1984-12-15,5204 Wilson Circles Suite 719,East Edwardshire,Yemen,2024-10-03
22,David Grant,yobrien@example.net,286.377.4964,1960-07-31,341 John Plaza,East Aaronmouth,Portugal,2025-12-28
23,Andrew Roberts,jacqueline71@example.net,649.436.1832,1974-04-28,24994 Martinez Spurs,Hollyview,Macao,2025-10-05
24,Bobby Williams MD,cassandra01@example.org,+1-899-904-9027x87429,1997-11-30,5655 Mia Isle,Steeleport,Panama,2025-03-03
25,Krista Gibson,johnny16@example.net,9879603859,1990-07-11,48247 Martinez Roads,Lake Eric,Micronesia,2023-07-11
26,Anna Gay,murraydavid@example.org,448.346.7737x8263,1984-12-05,5840 Barber Villages Suite 278,Reedside,Serbia,2025-10-11
27,Timothy Kane,ashleyhall@example.com,7573662702,1973-12-12,87026 Charles Tunnel Suite 596,Port Markside,Hong Kong,2024-10-23
28,Stacy Freeman,williamsonjimmy@example.net,631-761-1724x0050,1979-04-26,2386 George Common Suite 937,East Steven,Equatorial Guinea,2025-06-02
29,Adam Ballard,erica21@example.com,(894)764-7436x713,1990-03-13,406 Smith Way Apt. 974,New Laurie,Cyprus,2026-03-04
30,David Campos,courtneyberger@example.net,7478095214,1969-03-03,28588 Rivas Glens,Coffeyport,San Marino,2024-11-27
31,Julie Jones,michelleramsey@example.com,+1-751-660-4817,1968-04-27,513 Johnson Points Suite 931,Blankenshipport,Pakistan,2025-03-15
32,Andrew Johnson,pwilson@example.net,(367)958-6926,1994-01-31,0537 Sampson Walk Suite 158,Bruceview,Comoros,2023-12-26
33,Samantha Davis,darleneharper@example.org,5535293183,1968-09-04,90422 Lindsey Creek Apt. 205,New Mario,China,2024-08-05
34,Patrick Fox,alvarezkimberly@example.net,001-917-283-9084,1992-03-16,6617 Jones Common,Charleneland,Brunei Darussalam,2024-08-20
35,Lauren Joseph,hvang@example.com,789.961.1836x736,1990-11-09,1565 Brooks Drives Suite 111,South Colinstad,Sudan,2024-01-08
36,Laurie Hoffman,elizabeth65@example.net,001-360-749-4519x83273,1983-09-24,49368 Chelsea Shoals Suite 024,Sandrastad,Albania,2024-03-27
37,Kylie Morales,joycebonilla@example.org,001-383-266-7525x4599,1963-11-24,90147 Tucker Mills,Nelsonhaven,Brazil,2024-12-07
38,Douglas Gregory,trose@example.org,669.600.3432,2001-03-20,07622 Patel Forks Suite 160,Smithland,Tokelau,2024-10-18
39,Laura Mckinney,zroberts@example.org,829-675-1613x69681,1971-03-14,52181 Rebecca Keys Suite 231,West James,Netherlands,2024-02-12
40,Mary Thompson,kmarshall@example.net,299.755.2717x744,1993-12-16,7700 Decker Club,New Brookefurt,Kyrgyz Republic,2025-12-07
41,Rebecca Huang,kstout@example.net,759.378.2071,1967-01-26,37788 Michael Haven,Ortizmouth,Philippines,2026-01-03
42,Mark Cook,cody64@example.com,001-692-851-9254x6291,1986-04-20,81685 Michael Falls Apt. 573,East Eric,French Polynesia,2023-11-24
43,Kimberly Rodgers,stanleynancy@example.net,(296)822-2927,1992-06-11,379 Goodwin Tunnel Suite 383,Tammyfort,United Kingdom,2024-04-16
44,Travis Joyce,xhammond@example.com,386.623.9240x75818,1977-04-01,47826 Stacey Forges,Wilkersontown,Israel,2023-09-10
45,James Hughes,brooksanthony@example.org,001-352-220-4727x790,1966-03-29,28986 Kimberly Freeway Suite 103,Fowlermouth,Bahrain,2023-12-09
46,Kathryn Herrera,jennifercarter@example.org,+1-253-896-2185x188,1964-02-10,65405 Michael Street Apt. 952,West Amyburgh,Switzerland,2026-05-18
47,Michael Welch,bryanparsons@example.com,8439030548,1980-06-11,34505 Martinez Land Suite 676,Terrifort,Puerto Rico,2025-07-31
48,Robert Adams,acostachristian@example.net,(984)851-1544,1985-12-17,757 Jessica Knoll,Hillton,Belarus,2026-04-27
49,Heidi Owen,stephaniethomas@example.net,+1-770-721-3556x90927,1967-02-27,92856 Banks Gateway Apt. 027,Mcintyreville,Estonia,2024-07-28
50,Cindy Carr,igonzalez@example.org,427.715.5188x442,1980-11-19,32370 Spencer Land,Laraside,Bulgaria,2026-01-25
51,Ana Sanders,xfox@example.com,001-412-451-7785,1969-01-22,8018 Kevin Estates,Sarahbury,Guatemala,2025-09-03
52,Sarah King,david49@example.net,782-299-2299,1994-02-06,09439 Montgomery Burgs,Smallside,French Guiana,2026-03-13
53,Karen Ballard,eevans@example.net,4277677359,1984-12-08,562 Robertson Coves Suite 371,Shannonberg,Bhutan,2023-09-06
54,James Gilbert,sydneybarrera@example.com,001-953-227-8774,2000-09-04,8733 Williams Haven,Harperfort,France,2025-09-30
55,Brian Anderson,jessica65@example.org,(609)383-5841x6878,1992-09-23,65585 James Pass,Porterton,Argentina,2024-01-18
56,Regina Stone,catherinerobertson@example.com,+1-652-969-4958x887,1974-08-04,5169 Robles Stream,New Thomasshire,Morocco,2024-06-07
57,Lauren Jackson,rhernandez@example.org,8915307562,1993-03-18,970 April Points Suite 786,Suemouth,United States Minor Outlying Islands,2025-09-25
58,Hector Ingram,chelsea33@example.com,+1-743-644-3757,1991-11-15,98665 Kelly Heights Apt. 574,Lewisside,Faroe Islands,2025-11-09
59,Breanna Gilbert,johnsantiago@example.net,230.416.5712,1978-10-18,773 Morris Rue Apt. 193,East Robertburgh,Vietnam,2023-08-15
60,Jennifer Simpson DVM,nancy04@example.net,+1-515-347-8872x874,1983-12-14,74205 Bradley Throughway Apt. 296,Robertsonland,Iran,2026-04-24
61,William Woods,adamreyes@example.com,001-445-849-9045x30174,1966-05-28,145 Jeffrey Dale Suite 279,Robertside,United States Minor Outlying Islands,2025-06-20
62,Rebecca Petersen,erinlarson@example.org,478.751.9108x83982,1975-05-09,39718 Stokes Motorway Apt. 867,New Stevenport,Saint Kitts and Nevis,2023-07-23
63,Robert Reese,williamsmelvin@example.org,+1-801-770-4622,1981-12-17,6618 Desiree Keys Apt. 286,Lake Tiffany,Syrian Arab Republic,2023-06-25
64,Veronica Ford,opatel@example.org,352.343.1069x033,1974-08-29,9030 Gonzales Plains,Port Michelle,Azerbaijan,2024-01-23
65,Donna Cabrera,barbara53@example.com,(483)864-4089,2001-06-21,56856 Hernandez Lane Apt. 873,West Meredith,Cambodia,2025-06-08
66,Kristina Faulkner,paulscott@example.com,+1-317-551-8304x6990,1994-01-15,3540 Sharon Streets,Lake Yvonnefort,United States Virgin Islands,2024-06-30
67,Michele Sanders,andrearowe@example.com,585.744.5877x175,1984-03-20,0932 Jose Prairie Suite 423,Jerryshire,Syrian Arab Republic,2024-07-05
68,Mr. Michael Scott PhD,umurray@example.com,(328)272-8080,1979-09-14,2312 Jeffery Motorway,Brucefort,Palestinian Territory,2025-07-16
69,Joseph Jenkins,morenojoshua@example.com,5866211823,1989-02-03,6156 Cunningham Square Apt. 410,South Nicholasside,Lebanon,2023-09-15
70,Michele Miller,vnewman@example.net,380-633-9740,1965-01-06,50392 Hickman Hills,New John,Syrian Arab Republic,2025-02-13
71,Kimberly Reyes,krystalnorris@example.org,650.916.3159x99650,1980-07-19,58662 Miller River Suite 311,Ericberg,Saint Vincent and the Grenadines,2025-02-14
72,Brian Smith,sean41@example.org,226-378-8861,1962-11-17,199 Shields Bridge Suite 661,New Adriana,Poland,2025-01-31
73,Derrick Adams,bryanhamilton@example.com,671-254-3799x3712,1988-04-19,9657 Jordan View Apt. 459,South Leon,Indonesia,2024-10-27
74,Michael Henry,markramirez@example.com,(619)339-8280x737,1995-12-28,724 Johnny Drives Suite 617,Aguilarside,Madagascar,2026-05-29
75,Andrew Schmitt,rodriguezjohn@example.net,(529)509-6561x014,1984-01-08,6798 Michael Burg Suite 146,North Marieberg,Guernsey,2024-10-16
76,Richard Boyd,thomas77@example.com,440-410-5123,1965-12-08,673 Soto Ferry Suite 609,South Brittany,Iceland,2023-06-26
77,Christine Goodwin,raylauren@example.net,(755)837-1478,1978-12-05,155 Williamson Via Suite 991,West David,Gambia,2023-12-18
78,Michael Dixon,kcarlson@example.com,(227)782-8274x22579,1988-03-25,2368 Ortiz Overpass,Mckinneymouth,Liechtenstein,2024-03-05
79,Andre Juarez,antonio38@example.com,(679)778-8191,1979-01-28,783 Garcia Village,West Nancy,Antigua and Barbuda,2025-05-18
80,Scott Miller,rowejoel@example.net,001-259-762-9233,2004-10-14,825 Roberts Grove Apt. 260,Michelleberg,Reunion,2024-01-12
81,Michael Poole,kburns@example.net,766-271-1684x577,1995-06-30,751 Robinson Meadow,South Joseph,Switzerland,2024-09-02
82,Kenneth Knight,rkramer@example.org,8175012770,2001-03-01,424 Diamond Glen,West Elizabethburgh,Austria,2025-02-24
83,Molly Fischer,trios@example.org,2372129387,1972-10-25,62713 Davis Valley Apt. 155,Derrickberg,Norway,2026-05-06
84,Joseph Smith,scottbowen@example.net,001-826-797-3112x1965,1983-10-06,41389 Maxwell Spurs,Port Melanieport,Costa Rica,2025-09-01
85,Chelsea Myers,bowerslaura@example.org,861.737.9180x5526,1972-07-11,1091 Jose Canyon,Port Raymondport,Niue,2025-08-06
86,Jessica Morales,joshuacollins@example.net,528.256.9146,1982-02-15,61799 Kyle Streets,North Alexander,Burundi,2026-06-13
87,Jon Reed,gary24@example.net,305-964-8149,1983-07-28,507 Michael Glens Apt. 913,North Micheletown,Ecuador,2023-08-30
88,James Hernandez,tranrobin@example.net,+1-263-453-6541x9518,1998-06-08,061 Cline Trail,Markside,Korea,2023-07-02
89,Eddie Mueller,stevenvargas@example.com,001-838-632-0603x85050,1995-10-31,83670 Jennifer Course,East Phyllishaven,Isle of Man,2026-06-12
90,Judy Adkins,wagnerdana@example.com,799-806-2344,1992-06-22,7431 Derek Trail Apt. 212,Owenschester,British Indian Ocean Territory (Chagos Archipelago),2025-09-29
91,Randy Hayes,hbaker@example.org,(749)803-5213,1979-09-04,442 Stephanie Walk,Hawkinsside,Egypt,2023-11-14
92,Robert Taylor,brownkimberly@example.org,(236)351-9941,1972-05-29,721 Martinez Mountain,East Sandrachester,Swaziland,2025-02-22
93,James Simmons MD,joshuagriffin@example.org,9992934768,2005-09-17,6263 Crystal Unions,South Kimberlystad,Lesotho,2025-10-12
94,Hailey Cunningham,paul20@example.com,+1-530-540-7859x321,2004-04-10,039 Kelly Villages Apt. 239,Lindastad,United States Minor Outlying Islands,2025-12-24
95,Michael Meza,annalopez@example.com,+1-542-270-1039,1968-02-26,59325 Samantha Vista Suite 002,Port Daniel,Malta,2025-01-06
96,Jacqueline Mcmahon,vwillis@example.com,622-667-5289x53926,1964-03-23,09690 Carrie Valleys,Lake Ariana,Vietnam,2025-07-29
97,Patrick Young,gary15@example.com,2438315410,1969-11-01,626 Macias Keys Suite 179,East Shannon,South Georgia and the South Sandwich Islands,2023-08-10
98,Fernando Lynn,petersonpamela@example.org,001-418-215-9970x6296,1973-09-17,3368 Guerrero Hills,North Brandon,Montserrat,2025-10-20
99,Brittany Ward,qmiller@example.net,+1-873-910-3241x714,1974-05-09,418 Lopez Light Suite 270,Scottview,Czech Republic,2024-08-10
100,Brittany Horton,millermaurice@example.net,(393)880-6868x79374,1997-11-15,989 David Throughway,Thompsonburgh,Croatia,2024-04-14
101,Jay Mcneil,oharris@example.org,+1-945-211-6868x548,1965-09-12,62299 Sara Port Apt. 485,Bakerfort,Montserrat,2026-01-20
102,Christopher Powell,vwilliams@example.net,607.945.0544,1994-07-09,24754 Jacobs Corners,South Jason,Swaziland,2025-03-13
103,Olivia Camacho,robertsonerik@example.com,001-286-928-9023x303,1994-03-27,3457 Reid Crossing,East Nathanmouth,Christmas Island,2025-06-26
104,Hannah Martin,kaitlyn14@example.org,(902)493-3334x6800,2001-12-28,034 Marquez Station,Rodneyfurt,Timor-Leste,2024-12-12
105,Daniel Turner,asilva@example.net,+1-658-699-4417x15454,1982-07-22,83096 Becker Stravenue,Lake Tylerport,Eritrea,2025-03-31
106,Norman Aguilar,matthewreeves@example.net,+1-375-984-2824,1961-01-11,482 Pena Forges,Jeffreyport,Italy,2024-11-15
107,Kevin Ford,ruizmichelle@example.net,001-691-873-8168,1970-04-11,23569 Thomas Wall,Port Christopher,Grenada,2026-02-24
108,Mrs. Amy Hayes,kathleenjackson@example.org,512.796.6667x6008,1983-12-09,8300 Jeremy Wells,Larryville,Hungary,2025-08-09
109,Carol Colon,stacy78@example.net,556.225.7532x60332,1990-07-08,50648 Brittney Causeway,Lake Maryton,Portugal,2023-12-16
110,James Kelley,nmiles@example.net,+1-304-661-8499x26189,1970-01-03,73934 Michael Lodge,Ethanside,Luxembourg,2024-05-07
111,Karen Young,powersrebecca@example.net,+1-372-418-1143x74470,1986-05-01,5561 Melissa Cape,Port Devonburgh,Greenland,2024-12-26
112,Tina Adams,watsonmatthew@example.org,(867)946-7621x2021,1999-01-02,96590 Timothy Oval Apt. 670,West Dianatown,Romania,2026-05-08
113,Natasha Cummings,tiffanysantiago@example.com,489.916.3756x28900,1974-03-10,17535 Williams Fork Suite 631,Wallaceshire,Kiribati,2023-11-03
114,Jillian Wilson,bmcgee@example.org,(960)788-0199x4883,2000-09-14,37589 Moran Lakes Suite 113,West Michaelport,Mexico,2025-09-07
115,Brian Prince,ttaylor@example.net,001-361-849-3316x3735,1960-04-16,917 Barrett Parkways,South Adam,Saint Pierre and Miquelon,2023-09-03
116,Jessica Richards,heatherthompson@example.org,569-695-8669,1983-08-18,4722 Morrison Summit Suite 858,East Jason,Rwanda,2024-09-13
117,Tammy Anderson,williambenson@example.com,001-315-287-9968x460,2004-11-28,00342 Vega Drive Apt. 438,West Lisaville,Nicaragua,2026-05-04
118,Sharon Newton,yyoung@example.net,506-766-5800x4397,1976-01-11,347 Tonya Club,East Jill,British Indian Ocean Territory (Chagos Archipelago),2025-01-25
119,Douglas Baker,brandyscott@example.com,720.325.9094x798,2005-07-18,328 Kristie Estate Suite 886,West Jeffreyborough,Panama,2024-11-16
120,Edward Clements,wbarajas@example.net,7158739930,1969-07-18,4840 Robertson Pass,Tuckerport,Ukraine,2026-03-28
121,Jose Vaughan,teresaayala@example.net,3134361386,1986-10-10,5011 Gregory Glen,New Lorraineview,Ireland,2025-02-11
122,Jared Stewart,inunez@example.org,+1-691-990-1581x4491,2005-07-18,0728 Derek Lock Suite 245,New Nancyberg,British Virgin Islands,2023-08-23
123,Kyle Medina,torreskaitlin@example.net,(436)282-2239x431,1977-11-04,814 John Flat Suite 552,North Justin,Bangladesh,2024-04-15
124,Jerry Jensen,heather29@example.net,(756)920-5336x452,1973-09-17,5478 Gregory Rest Apt. 428,West Jessica,Niue,2023-10-16
125,Stephanie Atkinson,hessbeth@example.net,808.548.8725,1993-07-18,78816 Shaw Shore Apt. 928,South Erik,Mongolia,2025-11-14
126,Tracy Fitzgerald,ccrosby@example.org,001-273-214-5303x85677,1974-06-29,84498 Nicholas Lane Suite 918,Nicholasbury,Maldives,2025-03-11
127,Sean Tucker,aeaton@example.net,(472)431-8432,1960-01-19,136 Cortez Orchard Suite 739,Lake Martha,Angola,2024-07-02
128,Kenneth Martin,macdonalddylan@example.org,928-969-9041x379,1989-01-29,69292 Jackson Spur,Sandrashire,Bangladesh,2024-06-11
129,Carlos Smith,mserrano@example.org,(979)490-8811,2003-11-01,686 Golden Square,Perezfort,Somalia,2025-02-01
130,Robert Velez,colemanjonathan@example.org,349-286-4300,1961-09-30,356 Rodriguez Meadow Suite 486,Cherylfurt,Saudi Arabia,2024-05-01
131,Richard Olson,angie74@example.com,001-556-821-3721,1970-01-13,902 Oconnell Avenue Apt. 279,Davisview,Cyprus,2025-01-16
132,Andrew Cruz,hmendez@example.com,001-590-427-7038x430,1992-07-25,3021 Chan Knoll,Sullivanborough,Maldives,2023-07-13
133,Andrea Davis,jessica89@example.com,(343)393-7690x426,1987-08-03,1848 Benson Lane Suite 357,Mosleytown,Liberia,2023-12-17
134,James Kramer,ericahall@example.com,(958)780-4341x65182,1981-06-25,94237 Jimmy Garden Suite 333,Port Christine,Cape Verde,2023-12-02
135,Blake Sosa,waustin@example.net,4756957947,1965-03-13,92086 Ayers Bypass Suite 627,Lake Aprilmouth,Portugal,2023-07-03
136,Daniel Carpenter,michael42@example.net,734-779-5527x636,1981-08-10,7292 Lisa Stravenue Suite 386,Gonzalezberg,Lebanon,2023-07-05
137,Jonathan Cowan,kristen44@example.net,001-306-912-0347,1967-01-24,5588 Cooper Loop Apt. 593,Port Justin,Greece,2026-04-30
138,Patricia Griffin,jamesjustin@example.net,(425)769-9611,1967-09-07,5449 Nelson Mills,Juliehaven,Korea,2025-03-24
139,Scott Martinez,ebonyshepard@example.net,001-313-326-1117x8006,2003-08-07,216 Perez Street Suite 722,North Austin,Guinea-Bissau,2024-11-06
140,Julie Pitts,amy28@example.org,001-997-596-8845,1966-03-17,4564 Kevin Alley,West Justin,Martinique,2023-07-02
141,Katherine Campos,albert64@example.net,508.453.6866,1971-04-13,3416 Zachary Union Suite 484,Lopezland,Cocos (Keeling) Islands,2024-01-18
142,Mark Williamson,jackie73@example.com,4209802144,1971-07-09,12073 Fisher Turnpike,Boltonmouth,Qatar,2023-08-08
143,Ryan Lynn,adamsphilip@example.net,923.346.0136x7303,2002-08-22,6452 Julie Plaza,West Timothyport,Congo,2024-12-30
144,Sharon Robinson,youngryan@example.org,(949)416-3009,1974-10-24,32719 Galvan Trace Apt. 052,East Tonymouth,Moldova,2026-03-17
145,Renee Gonzales,andrewgray@example.net,(540)477-8487,1983-10-12,7498 Casey Drives Suite 448,Shawnhaven,Hong Kong,2024-04-03
146,Lisa Diaz,malikbrown@example.net,(338)278-2945x6511,1997-12-17,03173 Anthony Row,Barretthaven,Nigeria,2026-06-13
147,Amber Walker,smithsamantha@example.net,317.605.8650x9480,1979-01-01,81138 Lopez Pine,New Colleen,Christmas Island,2025-11-03
148,Jennifer Garcia,emily61@example.org,(786)785-2897,1978-01-17,6659 Anna Forest Suite 845,Westfurt,Afghanistan,2023-08-12
149,Ms. Kelly Holder,adam33@example.com,2489889921,1987-12-19,24593 Jonathan Hills Apt. 969,Lake Chris,Greece,2025-07-08
150,Roger Norris,larsonkevin@example.net,001-561-205-5661,1995-10-18,48058 Mark Square Apt. 206,Mullinsshire,Madagascar,2023-11-06
151,Dylan Foster,matthewalvarez@example.net,4869416862,1993-07-02,6938 John Grove,Morrisshire,Benin,2023-12-11
152,Jessica Bailey,melvin04@example.org,(397)292-7033x521,1999-04-21,240 Benson Creek,Shannontown,Greenland,2024-05-09
153,Christy Payne,ana92@example.net,001-606-298-0420x439,2000-07-03,016 Alvarado Shoals Suite 104,Hallfurt,Malawi,2023-11-21
154,Kari Harper,lopezvincent@example.com,+1-400-238-4576,1970-11-09,554 Wendy Parkway Suite 046,New Stacybury,Canada,2024-12-01
155,Mary Miller,rmeyer@example.net,+1-536-439-2649x5782,1982-03-29,48262 Lonnie Point,East Lonnieberg,Saint Lucia,2023-08-04
156,Sheryl Gutierrez,vturner@example.net,001-542-531-2209x9499,1980-02-27,051 Anderson Vista,Josephstad,Colombia,2025-02-10
157,Chad Lee Jr.,schaeferstephanie@example.org,001-233-812-7975x7366,1965-09-29,9998 Abigail Mission Suite 038,Terrellton,Moldova,2025-02-10
158,Lydia Williams,scott44@example.com,(364)390-8277,1990-05-01,826 Morris Burg,South Brittany,Rwanda,2024-04-28
159,Ann Nguyen,jennifermartinez@example.org,001-275-418-6892x686,1961-11-20,222 Kayla Center Suite 447,Courtneyville,United Arab Emirates,2024-01-10
160,April Cannon,ellismelissa@example.net,9973339776,1980-08-23,84983 Jack Centers,Benjaminton,Papua New Guinea,2025-12-04
161,Elizabeth Knapp,rodriguezvictoria@example.org,+1-749-899-8279x50145,1979-10-04,8147 David Wall,Markchester,Malta,2024-05-10
162,Lisa Rodriguez,webbhaley@example.net,969-954-8995x2997,1960-08-23,343 David Mountain,Lake Melaniechester,Isle of Man,2023-08-29
163,Justin Walsh,davidsonhannah@example.com,744-888-5015,1966-05-15,35577 Debbie Orchard,Lake Steven,Tonga,2025-10-01
164,Julia Olsen,conleykevin@example.net,+1-858-480-3955x12405,1965-04-13,91450 Gutierrez Parks Apt. 574,New Kevin,Bouvet Island (Bouvetoya),2025-01-21
165,Paula Gentry,zhunter@example.com,923.857.8452x18230,1980-07-15,40915 Small Cove,Andrewport,Northern Mariana Islands,2024-05-10
166,Corey Hill,kendra14@example.org,(741)709-8813,1966-01-17,49321 Austin Junction Suite 020,Bergerton,Botswana,2025-02-04
167,Jeffery White,tjensen@example.com,981.679.2171,1962-10-26,3329 Durham Lock Apt. 557,Johnsonfort,Bouvet Island (Bouvetoya),2024-12-16
168,Ryan Campbell,cassandra28@example.org,(515)481-4876x9639,1989-08-23,1539 Mueller Mews Suite 832,Lake Sarahshire,Taiwan,2025-07-14
169,Kyle Nguyen,shortgregory@example.com,591-496-5701,1966-05-10,27846 Gonzalez Springs,Kevinport,Uruguay,2025-04-25
170,Suzanne Mooney,carrwilliam@example.org,805-780-0851x4036,1981-05-08,6683 Thomas Field Suite 562,Whitneyberg,Burkina Faso,2023-07-08
171,Alan Griffith,ibarrett@example.org,(867)996-9278,1984-12-25,3269 Becky Vista Apt. 846,Arthurton,Montenegro,2025-07-09
172,Ashley Olson,thomasjessica@example.com,281.789.1371x894,2003-07-20,7879 Fisher Union,Keithton,Puerto Rico,2026-01-03
173,Monica Elliott,sotobelinda@example.net,3496047128,1979-03-22,94440 Cassandra Ramp Apt. 752,Kimberlybury,Libyan Arab Jamahiriya,2024-03-26
174,Shannon Cooper,coffeycaitlin@example.org,466.937.2395x0410,1971-11-14,4783 Vega Loaf Suite 428,Smithmouth,Hong Kong,2026-05-09
175,Joseph Blanchard,hardindana@example.com,+1-545-744-1496x739,2002-05-28,8001 Robert Pine,Lake Seanbury,Saint Kitts and Nevis,2024-09-02
176,Andrew Harvey,maysdiane@example.org,+1-611-919-2692x124,1981-10-19,746 Scott Tunnel,West Kimberlyfurt,Iceland,2024-11-17
177,Deanna Hess MD,vasquezsarah@example.net,(227)312-8639x1741,2002-06-07,470 Hernandez Route,North Elizabethview,Canada,2026-06-11
178,James Smith,zmendoza@example.net,001-218-330-6719x85546,1996-07-08,517 Holland Fall Apt. 634,Mosleystad,Libyan Arab Jamahiriya,2023-10-29
179,Jessica Lopez,leejennifer@example.net,276.218.4787,1977-01-30,50613 Bentley Ways Apt. 931,Lake Donaldtown,Latvia,2026-02-04
180,Michael Anderson,cynthiaconway@example.org,592.891.1179x931,1968-06-17,651 Marc Underpass Apt. 092,Bryanview,Cambodia,2025-03-25
181,Jacob Martin,sarawilliams@example.org,+1-896-920-7100x2194,1968-09-11,24876 Sharon Ridge,New Hectorfort,New Zealand,2023-11-03
182,Rachel Bailey,grantjames@example.net,295-588-3734,1998-09-02,77220 Deanna Haven,South John,Nicaragua,2025-05-23
183,Patrick Buckley,ericjohnson@example.net,713-579-9563,1991-10-14,3136 Nicholas Forges,South Brendaton,Tuvalu,2025-04-27
184,Timothy Gibson,dbrooks@example.net,654.435.2090,1997-12-31,7625 Olivia Rapids,Port Laura,Zambia,2026-01-24
185,Laura Tran,christophervincent@example.com,797.874.0633,1996-11-17,290 Baird Canyon,Quinnhaven,Antigua and Barbuda,2025-04-11
186,Karen Yates,chavezjohn@example.net,001-206-932-5431x07427,2001-11-24,62570 Paul Spurs Suite 804,Mullinsside,Morocco,2024-05-06
187,Angela Gilmore,robertsonrenee@example.com,4163579055,1964-11-10,53817 Karen Trace,West Michael,Ethiopia,2025-08-10
188,Destiny Brown,shaun88@example.org,488.647.9513x7116,1968-10-29,24127 Nancy Pike,West Robertside,Venezuela,2024-01-11
189,Jason Rojas,carterbryan@example.org,456.695.5798x87749,1965-06-09,3754 Eddie Haven,Huberburgh,Rwanda,2025-09-28
190,William Franco,evanwilson@example.com,001-727-745-2380,1996-02-14,7828 Martinez Burg,Velazquezberg,Yemen,2025-05-31
191,Brittney Cordova,deborah47@example.com,001-892-597-5170x28140,1990-06-10,1509 Brandy Forges Suite 301,Rhodesland,Malaysia,2025-02-21
192,Evan Jacobs,kerrmichael@example.org,001-365-565-0455x478,1969-10-20,674 Linda Manors Suite 299,East Jaredfort,Trinidad and Tobago,2025-09-13
193,Mrs. Toni Avila,smithdanielle@example.com,(628)979-2326x48704,1982-04-22,00244 Martinez Shores Suite 627,North David,Falkland Islands (Malvinas),2025-07-24
194,Andrea Reese DDS,ooneill@example.net,415.789.0429x0257,1977-03-10,45650 Carter Route,New Jamesburgh,Serbia,2023-11-13
195,Carol Morris,margaret44@example.net,001-951-889-5202x845,1977-01-23,13283 Laura Points Apt. 671,Port Davidtown,Lesotho,2024-12-11
196,Jack Montoya,gerald40@example.net,332-823-4232,2000-03-31,07603 Antonio Shoals,South Davidview,Aruba,2023-09-30
197,Adam Davis,morajamie@example.org,(450)512-4955,1972-07-29,90833 Jackson Throughway,Lake Coreyborough,Uruguay,2025-08-11
198,Karen Wolfe,scottrosario@example.org,(466)938-3615x171,1997-11-06,480 Mark Crescent Suite 479,Gloriamouth,Czech Republic,2025-10-27
199,William Patterson,jacobsonleah@example.net,(820)371-6781x126,1976-06-17,53539 Martinez Villages,Hardyview,Serbia,2025-12-09
200,Nicole Owen,qkelly@example.net,(278)342-7114x7732,1984-12-27,70269 Hernandez Road,Port Charleshaven,Seychelles,2025-07-23
201,Christina Bates,iwagner@example.com,+1-880-906-1675,2001-07-03,02842 Jordan Inlet Suite 719,Kellerside,Montserrat,2025-06-18
202,Scott Hunter,lbaker@example.com,+1-254-750-0902x559,1982-05-30,65565 Donna Gateway Apt. 491,Port Kevinmouth,Chile,2023-07-20
203,Amanda Barrett,abradley@example.com,3799056965,1966-10-06,357 Jackson Hills,Taraborough,Luxembourg,2026-03-03
204,Rachel Pittman,karlwilliams@example.net,(839)519-1954x1987,1999-10-03,48468 Gonzalez Locks Suite 987,North Courtney,Maldives,2024-04-04
205,Christy Hayden,oadams@example.net,+1-869-808-3572x324,1968-10-13,36442 Mcdaniel Freeway Suite 312,North John,Sweden,2024-10-14
206,Justin Graham,harrisjoseph@example.org,348-820-7001x594,1964-07-15,162 Daniel Street Apt. 898,Tylerland,Dominica,2026-01-06
207,Robert Murphy,vshaffer@example.org,(732)312-3476x49078,1961-04-28,673 Suarez Drive Suite 754,Lake Tammyton,Tajikistan,2026-04-13
208,Amy Lowery,johnnycruz@example.net,001-551-683-7606x441,1968-05-14,75604 Madeline Overpass,Mclaughlinmouth,Saint Barthelemy,2025-04-06
209,Samantha Holloway,william56@example.net,001-785-370-0272x0634,1981-03-16,38296 Hayes Well,West Glenn,Nauru,2024-11-09
210,Christina Perry,phillipbennett@example.net,600.489.3173,1974-12-02,9694 Christopher Land,New David,Saint Barthelemy,2025-09-13
211,Thomas Chavez,twilson@example.org,544.676.2639,1996-06-17,2620 Cherry Freeway,Solomonstad,Myanmar,2026-05-17
212,Angelica Harrison,terri63@example.net,(269)241-1800x5375,2003-07-27,964 Lambert Curve Apt. 924,New Trevor,Guadeloupe,2025-06-16
213,Evan Moreno,jorgeedwards@example.org,945.464.4948x5625,2003-03-09,32032 Thomas Estates Suite 617,South Michaelside,Libyan Arab Jamahiriya,2025-05-31
214,Ryan Camacho Jr.,harrisjustin@example.org,001-584-999-3908x9261,1979-03-06,0416 Garza Coves,Ericland,Kuwait,2026-04-09
215,Mark Adams,riverabradley@example.net,859.323.0450x189,1995-12-24,2361 Melissa Estates Suite 642,West Travischester,Saint Pierre and Miquelon,2024-10-13
216,Lindsey Howard,collierwilliam@example.com,867.849.9616x592,1965-04-05,85732 Rose Rue,West Taylorland,United States of America,2025-06-30
217,William Sutton,mckenzie86@example.com,001-808-310-8186,1974-10-08,945 Richards Trafficway Apt. 172,Port Phillip,Belize,2025-03-27
218,Elizabeth Matthews,ctodd@example.net,252-832-1941x680,1993-12-31,27769 Turner Via,Hannahfurt,Spain,2024-10-02
219,Chad Lee,hortonjacob@example.org,972.436.8314,1960-03-11,0122 Maynard Mountains Apt. 793,West Ashley,Syrian Arab Republic,2025-02-17
220,Adam Mccoy,fpetty@example.net,001-998-540-7678,1995-01-10,069 Tran Grove,Smallville,Lithuania,2026-02-11
221,Hannah Terry,martinjessica@example.com,(873)783-9597x246,1983-10-17,93417 Glen Estate Suite 167,Jimmyside,Australia,2023-07-18
222,Dean Rhodes,mariakline@example.org,956-619-3183,2000-10-26,0842 Jasmine Mill Suite 119,Port Annahaven,Bosnia and Herzegovina,2024-03-05
223,Shelby Bartlett,jessicaerickson@example.net,712.655.2137x6037,1985-08-04,45653 Karen Pines,Cobbberg,Spain,2025-04-16
224,Jason Ellis,sherry72@example.org,001-481-215-5626x060,1997-12-13,6845 Smith Harbors Apt. 673,Terryfurt,Singapore,2024-04-21
225,Angela Medina,vhardy@example.org,684.531.8848x52008,2003-08-30,681 Mckenzie Green Suite 101,Evanstown,Korea,2024-11-27
226,Dr. Virginia Cunningham,michaelmitchell@example.net,001-526-783-1589,1973-11-20,26611 Roger Curve Suite 371,Ericafurt,Namibia,2025-11-04
227,Jennifer Baker,cfields@example.net,962.928.2772x8813,1977-01-13,285 Carolyn Lodge,North Mikeport,Armenia,2025-09-09
228,Jacob Ritter,kelly02@example.org,001-360-744-3270,1986-08-14,67949 Mccullough Tunnel,Alvarezberg,Serbia,2024-01-21
229,Julia Cole,uhernandez@example.com,299-966-3658,1979-07-13,120 Hoffman Crossing Apt. 398,New Aimeefort,Macao,2023-07-18
230,Timothy White,hilljamie@example.net,001-971-289-5690,1965-03-31,2608 Reyes Course Apt. 182,Douglasview,Seychelles,2023-11-06
231,Tristan Gregory,mendezmark@example.org,001-204-561-5265x461,1965-06-20,937 Avery Grove,West Stevenchester,Bahrain,2025-07-11
232,Mark Mcintyre,adamstabitha@example.net,538-424-9671,1988-02-19,238 Ali Point Suite 007,Deniseburgh,Afghanistan,2023-09-21
233,Karen Harper,okidd@example.org,001-384-802-8914,1965-02-16,84639 Henson Junctions,Tiffanymouth,Faroe Islands,2024-07-06
234,Erica Clark,allen20@example.net,900.326.8768x1180,1964-07-01,9562 David Land Apt. 703,Port Juanstad,Congo,2023-11-06
235,Lori Stokes,jimsnyder@example.com,6479930361,2002-10-10,399 Cameron Crossroad,East Jordanshire,Togo,2024-06-08
236,Monica Hill,braunheather@example.net,+1-948-970-6056x641,2005-02-10,030 Hull Place Suite 506,West Christopher,Montserrat,2023-07-29
237,Courtney Norris DVM,jamesmurphy@example.org,+1-710-276-0954x3173,1974-02-14,319 Duran Road Suite 911,North Nicholasland,Slovenia,2024-01-04
238,Robert Brown,rjones@example.org,+1-204-966-1963,1965-02-06,6991 Curtis Spring Apt. 785,North Curtis,Nepal,2023-10-02
239,Sara Strong,danascott@example.com,797.623.2002x4968,2005-07-23,74954 Cordova Path,North John,Svalbard & Jan Mayen Islands,2025-11-05
240,Jennifer Gonzalez,danielleharris@example.org,337-979-5995x94652,1967-03-10,3033 Hanson Garden,Navarromouth,Sri Lanka,2025-01-23
241,Clinton Fritz,alejandro50@example.net,524-573-9500,1976-09-02,34258 Gregory Brooks Apt. 410,South Diana,Turks and Caicos Islands,2023-12-09
242,Daniel Bryant,lisa28@example.net,(211)522-3386x55963,1966-02-23,53042 Clark Common Suite 912,Potterhaven,Holy See (Vatican City State),2025-08-02
243,Cassidy Marquez,fbaldwin@example.com,696-890-3337x363,1966-02-04,254 Dennis Corner Suite 785,New Blake,Malaysia,2026-02-08
244,Jerry Reynolds,linda54@example.com,3276341514,1981-02-06,11508 Matthew Spring,Johnview,Comoros,2026-01-13
245,Dr. Nicole Singh DVM,carrillojuan@example.com,(969)907-8263x3373,1996-03-22,53663 Cole Point Apt. 529,West Sherry,Algeria,2025-08-04
246,Sandra Morgan,wsimmons@example.com,001-884-859-0902x25999,1970-10-03,1863 Rodriguez Port,Fowlerport,Bermuda,2024-03-12
247,Juan Johnson,mjohnson@example.org,(743)834-8170x5802,1982-02-01,12867 Paul Way Apt. 234,Meyersfort,Cayman Islands,2026-01-12
248,Emily Harris,ahill@example.org,216.393.8597x779,1963-07-26,754 Austin Valleys Apt. 632,Ellisburgh,Qatar,2025-11-19
249,Michael Williams,joshuafuller@example.com,+1-413-676-8151x18567,1967-05-10,070 Danielle Spring,Jamesfurt,Togo,2024-04-16
250,Adam Wilson,markgoodman@example.com,311.483.7274x220,1997-08-11,86210 Hernandez Knolls Apt. 308,South Heather,Taiwan,2026-03-02
251,Margaret Moran,myerskyle@example.org,+1-200-263-3533x106,1988-05-19,13122 Robert Coves Suite 583,New Randall,Japan,2023-12-24
252,Brian Morris,moralesleslie@example.com,573.814.9501,1983-05-24,718 Johnathan Court Suite 625,Lake Kathleen,Portugal,2024-10-25
253,Mary Jones,franklinbrenda@example.com,338.290.3091x43639,1978-04-29,7432 Harris Camp,Lake Carly,Yemen,2025-05-09
254,Erin Ramirez,meyertiffany@example.net,703-455-3380x3396,1988-03-09,017 Stephanie Center Apt. 321,New Ana,South Africa,2024-05-02
255,Blake Hardy,frank33@example.com,(993)344-9734,1981-05-31,6277 Wagner Street Suite 270,Simmonsland,Senegal,2024-09-28
256,Brittany Barber,oscar47@example.com,(789)971-5273x2300,1983-10-30,6567 Davidson Radial Apt. 601,Frederickburgh,Congo,2025-04-27
257,Patricia Walton,william75@example.net,4666337050,1995-07-05,243 Alexander Trail Apt. 669,New Reneechester,Chad,2025-04-13
258,Eric Ponce,uwillis@example.com,001-311-395-2436x40270,1971-09-28,646 Gregory Ferry Apt. 372,South Ashleyborough,Colombia,2024-04-27
259,Clayton Malone,tonya67@example.net,+1-512-914-1614x150,1986-11-30,100 Walton Avenue Apt. 138,South Carrieview,Venezuela,2025-07-13
260,George Jordan,evelyn55@example.org,(266)390-5510x762,2001-01-07,357 Robertson Shore Apt. 050,Morganmouth,Philippines,2025-05-10
261,John Stevenson,baileysheila@example.com,+1-616-949-3289x80271,1988-05-13,1783 Jason Terrace,North Ryantown,Central African Republic,2024-11-08
262,Pamela Robinson,elizabeth12@example.net,+1-571-553-9915x6686,1966-07-05,41115 Julie Crescent Suite 256,West Bryanside,Comoros,2025-02-11
263,Emma Diaz,aprilguzman@example.org,960-987-5243,1960-11-01,420 Parker Spurs,West Wendyshire,Lesotho,2026-02-24
264,Kathleen Padilla,zbrown@example.com,(233)802-7642,2001-02-11,7566 Allison Haven Suite 386,East Marcusshire,Tonga,2023-09-12
265,Michelle Ellis,barbararamos@example.com,223-333-0591x2662,1968-12-20,2018 Watkins Drive Suite 301,South Tracy,Portugal,2026-01-01
266,Marissa Bennett,stricklandmichelle@example.net,(947)650-1111x7830,1966-07-28,267 Evans Crossroad,West Bryanside,Colombia,2025-03-10
267,Alicia Hawkins,lbrown@example.net,001-213-412-9208x751,1979-02-14,218 York Bypass,North Williamstad,Mayotte,2024-03-12
268,Tony Smith,brandon84@example.net,+1-572-397-5859,2005-05-20,03243 Carrie Forge,Joshuachester,Belarus,2025-10-21
269,James Mckee,qbryant@example.net,(728)831-4359x89262,1983-10-17,93141 Gabriella Lodge Apt. 515,Kimberlyberg,Trinidad and Tobago,2024-06-04
270,Brent Petty,nicholasgarcia@example.org,(684)697-1859,1971-11-19,25625 Woods Crossroad,Alberthaven,Rwanda,2024-02-16
271,Brenda Bradley,brian53@example.net,+1-567-627-5784x468,1991-04-24,6511 Jessica Course,New Brian,Samoa,2024-09-06
272,Katherine Baxter,urhodes@example.org,578.281.6093x0685,1966-03-04,83215 Willie Center Suite 762,Taramouth,United States Minor Outlying Islands,2026-05-09
273,Joshua Miranda,robertstimothy@example.com,909.263.4807,1981-11-30,97545 Adam Stravenue Apt. 650,South Travisland,Marshall Islands,2025-08-26
274,Jennifer Gentry,moorediane@example.org,465.745.6284x1772,1993-02-24,53134 Dennis Manor Suite 023,Moyerview,British Indian Ocean Territory (Chagos Archipelago),2025-04-04
275,Jon Maldonado Jr.,vshaw@example.com,(511)202-2580,1985-07-26,9067 Campbell Corner Suite 392,East Juan,Brazil,2024-08-02
276,Danielle Hoover MD,hayneswayne@example.org,592.431.2604,1974-02-25,93106 Warren Squares Apt. 356,Brownchester,Norway,2023-09-08
277,Derrick Ramirez,jennifer35@example.org,(300)805-3474,1999-04-24,7554 Collin Bridge,West Michael,Sudan,2025-01-01
278,Leah Jacobs,debraclark@example.com,912-391-0933,1987-02-20,954 Mayo Flats,North David,Italy,2025-10-22
279,Stephanie Malone,patricia71@example.com,476-688-0294,1960-09-13,036 Cohen Ways,East Samuelhaven,Hungary,2025-11-09
280,Jennifer Nelson,adamarmstrong@example.net,001-308-478-8443x448,1986-11-10,83402 Ho Groves,Lake Tinaborough,Martinique,2023-12-17
281,Gregory Jacobs,mark84@example.net,(669)445-0053,1969-04-17,89164 Lisa Forges Suite 439,Moorebury,Saint Lucia,2025-04-24
282,Steven Davis,stephenochoa@example.org,897.524.0422,1972-01-18,16376 Jennifer Dam,New Coryfurt,Angola,2023-12-07
283,Pamela Newman,andersonkayla@example.com,(490)901-8513,1983-09-23,45723 Amy Grove Apt. 001,Curtischester,Cambodia,2023-06-21
284,Allison Simmons,michaelmitchell@example.net,(717)321-3145x1951,1970-05-10,226 Greene Springs,Hernandezport,Nigeria,2024-09-07
285,Brian Hendricks,sarah10@example.org,001-725-426-7711x96421,1969-08-08,5576 Steele Loop,Devonbury,Hungary,2025-03-31
286,Kimberly Vasquez,patrickcarpenter@example.com,293.713.5030x58721,1973-12-11,47286 Jason Fork Apt. 212,Quinnchester,Holy See (Vatican City State),2023-09-12
287,Mary Jones,anthonydiaz@example.org,610.996.2272,1984-06-07,570 Rodriguez Circle Apt. 928,North Randy,Jamaica,2026-05-11
288,Jordan Dawson,samantha84@example.net,862.241.8623,1985-04-11,2891 Woods Shoal,Wilcoxburgh,Austria,2025-01-17
289,Chloe Rodriguez,coxkimberly@example.com,2346281139,1978-11-23,303 Miller Port,New Valeriefort,Aruba,2023-09-02
290,Tony Smith,karen68@example.org,965-221-5681x82096,1990-10-05,27113 Lindsey Shoal Apt. 288,Sethberg,Guadeloupe,2024-09-13
291,Scott Jordan,nallen@example.net,329-971-0248,1978-04-07,5242 Joshua Lakes,Christopherburgh,Russian Federation,2025-06-04
292,John Scott,isantos@example.org,001-970-754-6692,1983-09-07,1687 Rich Springs Apt. 903,East Melissaport,Honduras,2024-02-20
293,Sarah Walker,wcaldwell@example.com,387.711.2166x365,2005-05-05,737 Joshua Camp Apt. 723,Ashleyfurt,Bahamas,2025-01-01
294,Veronica Lewis,mirandacisneros@example.net,(544)621-2146x14768,2003-10-30,16542 Michael Manor,Alvarezburgh,Qatar,2025-04-28
295,Michael Price,hoffmanpatricia@example.org,499-925-5027,1982-07-12,64807 Cynthia Route Apt. 033,Hortonburgh,Netherlands Antilles,2025-01-26
296,Daniel Lee,woodmichael@example.com,381-477-6655x8685,1964-07-22,5289 Amy Light Suite 649,North Lindaville,Benin,2026-03-25
297,Timothy Garcia,schultzwesley@example.org,+1-846-833-7861x37157,1968-04-12,3844 Parker Underpass,Nuneztown,United Arab Emirates,2025-03-24
298,Alexander Gibbs,matthew96@example.org,+1-863-496-0962,1997-12-31,8263 Jennifer Crossroad Apt. 964,West James,Bermuda,2023-07-29
299,Mark Watkins,montgomeryamy@example.org,001-660-527-5233,1984-10-27,640 Miller Divide,Lake Traciville,Bouvet Island (Bouvetoya),2025-06-02
300,Barbara Thomas,patricia11@example.com,(836)717-0617x136,1963-12-15,24029 David Junctions Suite 799,East Aimeeview,Vanuatu,2023-12-25
301,Allen Johnson,javierdiaz@example.org,5523312447,1960-04-26,847 Graham Locks Apt. 423,Suzanneville,Myanmar,2025-12-18
302,Robert Mckay,chamilton@example.com,+1-345-991-9663x955,1989-12-03,84964 Sanders Crescent,Port Marcus,Somalia,2024-04-03
303,Benjamin Sandoval,dustin51@example.org,505-337-9538x16493,1971-09-26,919 Fleming Mews Suite 533,Port Troyton,Falkland Islands (Malvinas),2025-04-04
304,Jesse Guzman,byoung@example.com,2907742608,1983-07-02,71644 Molina Locks,New Kimfort,New Zealand,2023-09-01
305,Michael Gibson,cameronsharon@example.org,4303021563,1974-06-30,580 Jordan Tunnel,North Brandonport,Belarus,2024-08-02
306,Lonnie Burnett,holly29@example.com,525-929-6718,1999-08-22,5731 Miranda Station Apt. 583,Lake Christian,Lithuania,2023-09-21
307,Michael Mcdonald,glopez@example.com,398.485.4728,1998-05-15,6798 Kimberly Field,West Rodneyport,Zambia,2025-12-02
308,Bridget Walter,allenpatricia@example.org,507-487-5418x156,1960-11-12,685 Scott Land Apt. 066,West Jaime,Christmas Island,2025-12-28
309,Lawrence Stone,maldonadodebbie@example.org,310.609.4318,1970-01-13,666 Jeffrey View,Tylerburgh,Solomon Islands,2024-05-01
310,Dwayne Carlson,daviswesley@example.net,+1-274-932-5122x572,1966-10-01,0241 Erin Walk Apt. 957,South Morganfort,Bouvet Island (Bouvetoya),2023-08-29
311,Latoya Mooney,aliciajackson@example.org,001-211-745-7758x47457,1973-05-16,589 Rodriguez Spur Apt. 263,West Tyler,Ecuador,2025-12-03
312,Valerie Howard,leestephanie@example.net,848-878-2455,1963-03-26,3098 Flowers Crossing Suite 795,Danieltown,Luxembourg,2026-05-19
313,Michael Mills,cindy24@example.com,214-807-0349x1074,1993-02-14,004 Michael Haven Apt. 142,South Brenda,Belgium,2024-09-13
314,John Gomez,ghenderson@example.com,594-629-6592x3426,1973-04-14,49782 Patton Village Suite 128,Bensonhaven,Vietnam,2026-05-19
315,Julie Patterson,dali@example.org,+1-706-412-9439,1998-07-23,62607 Combs Corner Apt. 415,Port Kellyfort,Portugal,2024-11-15
316,Barbara Richards,mileszachary@example.net,001-272-432-4407x9311,1971-06-08,133 Thomas Village,Myersville,French Southern Territories,2025-03-09
317,Mr. David Abbott,lorraine79@example.org,(320)922-3288x37744,1963-10-02,466 Steven Via Suite 204,Wilsonfurt,Algeria,2025-12-07
318,Matthew Barry,wwilliams@example.org,374.402.5883x586,1987-08-28,9572 Glover Shoals,Sandraland,United States Virgin Islands,2026-03-18
319,Dr. Larry White,david59@example.net,(999)761-0023x117,1992-09-17,312 Campos Manor,North Cherylville,Argentina,2023-10-11
320,James Welch,mcleanmanuel@example.net,562.498.3347x743,1963-07-31,319 Crystal Skyway Apt. 302,West Kimshire,Mayotte,2023-10-09
321,Michael Rosario,nlee@example.net,385.459.8217x6619,1992-02-06,17309 Johnson View Suite 465,Port Monicaport,Belarus,2025-09-27
322,Sarah Frederick,reginald08@example.net,597-740-0564,1978-11-05,38503 Jones Port,West Tinachester,Netherlands Antilles,2026-01-26
323,Stacy Mendoza,josephwilliams@example.org,883.256.7430x0038,1982-05-21,66266 Darrell Crest Suite 535,Hullbury,Djibouti,2023-11-09
324,Crystal Burgess,ritteralexis@example.net,701.702.7240,1969-03-22,2967 Diane Club,Shawnaborough,Lithuania,2026-06-19
325,Heather Herman,scottturner@example.com,001-984-638-4588x10569,1991-09-24,28348 David Stream,North Tiffany,Qatar,2025-05-03
326,Jordan Wilson,rhuff@example.com,001-264-810-4967,1996-06-16,0336 Donna Place Apt. 408,Sharonmouth,Uzbekistan,2024-07-31
327,Leslie Todd,jessica96@example.com,001-401-886-4876x9984,1973-11-12,320 Marsh Harbor Apt. 384,Ashleyton,Nicaragua,2024-08-19
328,Matthew Patton,martinezashley@example.com,527-870-7070x578,1981-03-28,149 Ashley Mill,West Katie,Falkland Islands (Malvinas),2024-07-27
329,Bethany Mccoy,monicadouglas@example.org,502-287-9508,1974-07-30,0580 Michael Club Suite 181,East Mark,Holy See (Vatican City State),2026-05-12
330,Martin Liu,angellawson@example.com,365-574-9025x04290,1975-11-19,895 Nicholas Prairie Apt. 261,East Arianashire,Norfolk Island,2025-10-18
331,Kimberly Martinez,lawsondonna@example.net,754.339.4353x537,1996-12-27,6515 Robin Shoal,Jacobsmouth,Solomon Islands,2025-03-31
332,Ronald Hatfield,kimberlyrussell@example.net,+1-929-544-5511x66829,1962-03-23,0216 Cannon Station,Newtonberg,Trinidad and Tobago,2023-08-11
333,Allison Jackson,andersonmichelle@example.com,(252)368-3415x59991,1976-02-03,6764 Graves Street Apt. 981,North Brittney,Heard Island and McDonald Islands,2026-05-01
334,Jamie Gonzales,shirley13@example.com,450.498.8986x4565,1989-10-20,368 Andrews Ridges,Coryport,Chad,2023-12-21
335,John Walker,keithhardin@example.net,001-513-242-1388x20908,1996-12-08,53496 Meyer Village Suite 411,Onealfort,Estonia,2023-11-01
336,Wendy Dennis,schmittlinda@example.net,315.728.5478,1982-04-06,1853 Stacy Road,East Derrickfurt,Tunisia,2024-05-27
337,Deborah Hernandez,jessicacampbell@example.org,+1-818-630-6178x9320,1983-12-08,935 Moreno Falls Suite 347,Roblesfurt,Netherlands Antilles,2024-12-25
338,Elizabeth Robinson,robert75@example.org,+1-561-227-5156x27796,1974-04-13,8360 Green Island Suite 676,Greenton,Ethiopia,2025-07-13
339,Gina Cardenas,seth39@example.org,+1-231-299-5298,1969-09-12,55810 Michael Flat Apt. 863,Lauriestad,Greenland,2025-03-23
340,Nicholas Case,brucekari@example.net,586-570-2440,1994-04-27,1662 Atkins Club,New Jenniferchester,Angola,2023-07-12
341,Kimberly Ellison,fitzgeraldlaura@example.org,+1-945-868-0447x314,1963-06-22,1368 Webb Squares Apt. 607,Beanside,Rwanda,2023-12-05
342,Kenneth Johnson,sergiowoods@example.org,+1-445-821-1823x7931,2002-03-24,930 King Inlet Suite 205,Savageview,Portugal,2024-05-10
343,Rebecca Gardner,susan35@example.com,001-378-481-1616x202,1979-12-15,1067 Connie Pine,Taylorside,Italy,2025-03-01
344,Bruce Forbes,alexandra95@example.net,+1-522-748-3958x9477,1977-11-26,87056 Edward Cliff,West Jacquelineborough,Puerto Rico,2023-11-12
345,Erin Brown,ewheeler@example.com,+1-883-650-3446x9459,2001-04-18,92134 Jose Cove,Port Alexa,Oman,2025-02-03
346,Raymond Vargas,tammy97@example.org,(903)231-9222,1991-05-15,02876 Murphy Parkway Apt. 386,Schroederfort,Guinea,2024-10-16
347,Emily Miller,stephaniedougherty@example.com,001-226-787-7418x652,1987-05-19,563 Patrick Fall Apt. 375,North Brenda,Greenland,2023-11-13
348,Sydney Shaw,lawsonarthur@example.com,+1-476-904-4090x7977,1980-06-01,50922 Christopher Village,North Scottton,Germany,2023-11-18
349,Diamond Phelps,cookemily@example.com,001-429-658-0660x138,1979-12-31,70493 Thompson Summit,West Joshuastad,British Indian Ocean Territory (Chagos Archipelago),2024-12-01
350,Russell Miller,fdavis@example.org,001-612-559-0203x5713,1962-02-14,0642 Taylor Island,Perezborough,Faroe Islands,2024-04-24
351,Edward Wolfe,christopher59@example.com,(787)620-9628x936,1977-04-29,8841 Jonathan Mountain,Anthonyville,Maldives,2026-04-07
352,Karen Mcdonald,nathan69@example.org,915-402-6755x12542,1995-09-30,9799 Simon Mountains,West Jennifer,Netherlands Antilles,2024-11-25
353,Mr. Andrew Hickman,kathrynsantana@example.net,466-649-6902,1989-06-13,225 Tara Inlet,Port Michael,Indonesia,2024-03-02
354,Matthew Gonzalez,kevinmiller@example.org,461.732.8507,1984-12-29,8637 Guerra Squares,Port Sabrina,Iceland,2024-01-05
355,Timothy Ross,rachael69@example.com,+1-515-779-0392,1966-03-24,8099 Melendez Rue Apt. 273,East Kevinland,Guadeloupe,2025-02-05
356,Jessica Mitchell,eleonard@example.org,262-426-8171x516,1985-01-15,98670 Valdez Skyway Suite 604,Greenville,Netherlands,2025-05-19
357,Priscilla Joseph,daniel26@example.net,001-961-620-5943x89760,1991-07-03,77509 King Junction,Katietown,Mauritius,2024-08-08
358,Howard Smith,kenneth09@example.org,(808)663-2181x227,2005-09-13,9389 Williams Islands Suite 029,South Williamland,Guadeloupe,2026-03-05
359,Jenny Johnson,jennifer16@example.org,794.949.8830,1995-11-09,4248 Cassandra Falls,Josephchester,Cote d'Ivoire,2023-07-19
360,Mary Hill,ogeorge@example.com,933-805-3194,1989-09-16,678 Matthew Island Suite 727,Clarkburgh,Peru,2025-02-14
361,Andrew Phelps,welchanna@example.com,238-454-4577,1962-06-23,596 Forbes Brooks,Angelafort,Dominica,2025-01-22
362,Bonnie Lawson,davisjeffery@example.org,001-842-626-8653,1970-05-07,1588 Perez Lodge Suite 747,Port Gregory,France,2023-06-25
363,Felicia Marshall,francesgarcia@example.net,+1-866-263-0932x9981,1983-06-08,329 Cohen Land Apt. 968,Port Robin,Kuwait,2025-01-13
364,Cynthia Kennedy,marcuscarter@example.org,997.373.9732,1976-01-08,37100 Camacho Mountains Suite 164,Lake Kimberlyside,Rwanda,2023-07-26
365,Ronald Brown,uclayton@example.org,(768)876-1124x912,1983-10-25,37341 May Cliffs Suite 734,Kennethmouth,Greenland,2025-05-19
366,Laura Wheeler,earlroberts@example.org,(495)444-2947x742,1963-06-07,4303 Hernandez Bridge Suite 588,Woodsburgh,Guatemala,2026-03-16
367,Samuel Edwards,nicholas72@example.net,327.560.1534x3324,1969-09-22,7908 Judith Lakes Apt. 615,West Angelaside,Tanzania,2025-10-02
368,Tracy Brown,johnrobles@example.org,001-333-472-0948x413,1998-12-26,33399 Marshall Plain Apt. 513,Wilsonland,Lebanon,2024-04-21
369,Kevin George,ashley96@example.org,001-773-999-7046x9472,1991-01-05,448 Matthew Springs Suite 712,Smithhaven,Latvia,2025-07-29
370,Austin Reynolds,cody75@example.net,+1-682-531-3348x45871,1988-02-21,2362 Chelsea Estate,Suefort,Palau,2025-12-30
371,Penny Adams,thomas45@example.org,855-757-4696x6060,1999-02-24,4033 Phillips Landing,West Ronaldfurt,Greece,2025-11-02
372,Christina Lewis,ggates@example.org,525.679.7067,2005-11-18,10548 Kim Haven Apt. 721,Tiffanychester,Sweden,2024-02-10
373,Leslie Andrews,gonzalesmark@example.net,001-948-584-0215x57325,1970-05-17,5344 Donald Row Suite 667,Port Allisonhaven,Holy See (Vatican City State),2023-07-15
374,Whitney Moyer,kristy74@example.net,511-391-8182x81979,1994-07-23,7725 Hunter Ports Suite 786,South Autumntown,Nigeria,2025-02-14
375,Danny Simmons,melissa95@example.net,239.259.2323x421,1977-01-19,515 Hebert Shoals,East Kevin,Jamaica,2024-08-14
376,Thomas Barton,taylorrachel@example.com,860-573-6077,1982-11-07,9112 Frank Fords,South Joystad,San Marino,2024-10-24
377,Daniel Davis,timothy81@example.com,3068661554,1963-12-25,16704 Williams Vista Apt. 290,New Eric,Puerto Rico,2025-06-18
378,Amy Lang,nathan62@example.com,(928)522-5120,1999-02-13,5495 Krista Isle Apt. 702,Williamsfurt,Serbia,2026-01-04
379,Carolyn Garcia,phyllis16@example.org,677-968-7290,1960-02-25,2585 Tim Summit Apt. 238,Port Sheri,Czech Republic,2026-04-09
380,Brandon Powell,wrightjohn@example.net,+1-245-879-8894x25652,1977-09-04,20203 Randy Branch,Webbstad,Comoros,2026-02-20
381,Tricia Sullivan,shawnbaker@example.com,948-355-2457,1992-09-03,415 May Plains Apt. 137,North Andreaport,Brunei Darussalam,2024-12-11
382,Jeffrey Joyce,burchteresa@example.org,(283)723-0358x9298,1998-09-10,825 Craig Expressway,Port Sarah,Saint Barthelemy,2024-02-11
383,Tina Coleman,joshuahaley@example.com,668-567-7524x0148,1966-04-11,62272 Peter Estate,Myersborough,Egypt,2024-12-15
384,Victor Hill,vmartinez@example.net,+1-923-572-4501x84819,1989-08-15,1897 Chad Throughway Suite 406,Danielmouth,Japan,2025-12-14
385,Michael Glenn,oblake@example.net,219-395-3766,1988-02-29,448 Barnes Villages Suite 510,Lake Lindabury,Myanmar,2025-07-27
386,Jeffrey Baker,kcastro@example.com,+1-786-809-1919x113,1971-03-07,057 Berry Pike Apt. 660,New Henry,Norfolk Island,2024-11-12
387,Thomas Pham,qatkinson@example.com,+1-755-834-7057x42388,1986-12-10,71559 Leslie Inlet Apt. 165,Fowlerfurt,Cook Islands,2024-08-04
388,Karla Rogers,whuang@example.org,(650)413-9488,2005-06-30,131 Jennifer Wells Suite 425,Randyfurt,Bosnia and Herzegovina,2024-09-18
389,Tricia Nguyen,scottwilliams@example.net,(540)473-3337,1987-09-30,3097 Perry Plaza,South Jacob,Maldives,2025-12-08
390,Kenneth Barrera,tfrancis@example.com,465-353-5851x253,1996-08-21,519 Jennifer Stravenue Apt. 749,South Christinefort,Nauru,2025-04-27
391,Zachary Johnson,dhansen@example.com,821.551.4940x9762,1989-04-06,8453 Thomas Plains Suite 090,Brianaland,Nicaragua,2023-09-26
392,Monica Oconnor,tinaayala@example.org,(807)815-1169,1996-02-06,725 Cody Knoll Apt. 647,East Jorgeborough,Denmark,2024-12-16
393,Miss Gina Walton,andrew90@example.net,8516208005,1986-07-11,951 Jacob River,Whiteborough,Guatemala,2023-11-17
394,Susan Greene,patriciamccarthy@example.org,427.309.0814x41529,1971-06-02,92957 Bowers Crescent Apt. 535,East Susan,Liechtenstein,2024-04-07
395,Amanda Brown,qcochran@example.net,001-691-781-5899x88683,1977-03-18,3466 Bennett Overpass,South Damonside,Liberia,2026-01-22
396,Jonathan Hartman,kelli08@example.org,214.299.8250,1997-09-20,3580 Rodgers Pine Apt. 850,North Stephen,Colombia,2024-05-29
397,Angel Harris,ashleyaustin@example.org,(431)440-3526x3560,1994-01-05,469 Harris Wells,Roberttown,Israel,2025-03-23
398,Ryan Lopez,aking@example.net,001-460-772-3111x271,1975-08-12,464 Mitchell Port,Danielville,Indonesia,2024-04-28
399,Kristen Jimenez,apriljohnson@example.com,813-706-2113,1986-12-31,279 Elizabeth Parkway Apt. 350,East Matthewview,Uruguay,2024-03-18
400,Curtis Schneider,sjames@example.net,532-635-7071,1996-06-06,85011 Holmes Brook,Lake Sarah,Heard Island and McDonald Islands,2023-08-18
401,Brian Hall,dsmith@example.com,001-891-930-9810x79649,1960-01-14,794 Baird Roads,Mendozaberg,Korea,2025-09-30
402,Courtney Mitchell,sylviaprice@example.com,(550)864-2076,1987-04-06,536 Stephenson Mount,Wallacefurt,Kyrgyz Republic,2025-01-04
403,Maurice Anderson,johnmarquez@example.net,895.478.6543,1985-09-27,87496 James Junction Apt. 686,South Andrew,Costa Rica,2025-02-08
404,Carrie Terrell,danielleandrews@example.org,(265)373-2759,1978-11-09,00051 Huynh Knolls,Lake Edward,Croatia,2024-10-09
405,Heidi Blankenship,talvarez@example.org,941-682-2261x8962,1998-07-26,27102 Kennedy Neck,Port Andrew,Portugal,2025-01-02
406,Lauren White,wallerstacey@example.net,(551)751-2294x621,1988-11-28,159 Smith Ramp Suite 254,New Juan,Mali,2023-07-26
407,Taylor Williams II,jose65@example.org,871-558-0290x904,2001-09-18,6046 Richardson Passage Suite 652,Jenniferside,Congo,2025-07-18
408,Bradley Cole,trujillorobin@example.net,402-513-1251,1999-08-20,00591 Brandi Well,Welchmouth,Solomon Islands,2026-04-17
409,Bryan Padilla,samanthahouse@example.org,710-563-3016,1999-09-01,79274 Scott Parkways Apt. 123,Douglasside,Morocco,2024-04-09
410,Michele Jones,melindaavila@example.org,(869)649-6843,1979-03-04,380 Campbell Estates Apt. 017,Raventon,Niger,2025-04-18
411,Phillip Moran,rowlandemily@example.com,001-959-719-4575,2005-11-10,7583 Brenda Canyon Suite 677,Sandrafurt,Kyrgyz Republic,2025-06-10
412,Charles Christensen,iherring@example.com,(826)950-6229x2310,2002-06-14,5307 Moore Village,Jeremyfort,New Caledonia,2025-08-03
413,Travis Moore,gomezdaniel@example.com,001-679-442-3873x670,1975-03-23,496 Carol Pines Suite 552,Annettefort,Bahrain,2023-07-17
414,Jason Clark,haley57@example.com,+1-559-553-2593,1967-08-10,705 Patrick Drive Suite 187,Morrisonview,Bangladesh,2025-05-18
415,Corey Carrillo,michaelstrickland@example.com,630.755.9782,1985-06-17,9833 Kenneth Circle Apt. 884,Port Nicholas,Reunion,2023-07-06
416,Dan Phillips,pearsonkathryn@example.org,(972)676-8297x514,1990-01-26,974 Brenda Islands,North Brianmouth,Micronesia,2025-06-30
417,Ethan Le,fullerdebbie@example.com,(259)404-5990,1968-05-18,12218 Shelby Freeway Apt. 555,South Matthewland,Lithuania,2025-03-03
418,Kelly May,jneal@example.org,272.214.3308,1981-01-26,0033 Stephanie Dam,Marcusfurt,Andorra,2025-08-20
419,Katherine Caldwell,cpierce@example.org,001-703-439-7051,1987-11-06,28094 Hawkins Pass Suite 239,Matthewmouth,Ukraine,2024-07-28
420,Matthew Hayes,pmorrison@example.net,663.721.0613x39439,1980-02-26,39438 Kyle Forge Apt. 537,Cortezmouth,India,2026-01-09
421,Tammie Castillo,laura31@example.net,900-890-0404,1977-11-12,05336 Jones Mall,West Kayleeville,Gabon,2024-01-26
422,Timothy Clay,davidfields@example.net,6726011379,1973-03-21,971 Jason Locks,Johnsonfort,Jersey,2025-06-12
423,William Ray,douglassusan@example.com,001-847-934-0433x700,1962-03-11,045 Carly Motorway,Stephensstad,Palestinian Territory,2025-01-16
424,Kimberly Flores,richard96@example.com,454.727.8656x194,1964-02-23,778 Pamela Junctions Apt. 958,Port Lauren,Burundi,2024-05-04
425,Jennifer Colon,mooneyamy@example.net,390-748-2357,1981-12-19,686 Barbara Summit Suite 137,Port Heather,Sao Tome and Principe,2024-04-07
426,Stephanie Costa,simpsonruth@example.net,536-443-8130x0041,2002-08-17,47165 Smith Ranch,Matthewstad,Cote d'Ivoire,2024-10-03
427,Kevin Mendoza,sheltontiffany@example.com,850-247-6816x99570,1966-07-14,74811 Jennifer Stravenue Apt. 765,New Tracey,Antigua and Barbuda,2024-11-02
428,Richard Bond,christinadavis@example.net,(690)887-1827,2000-11-09,9187 Rachel Hill,North Kelly,Greenland,2025-04-12
429,Christopher Monroe,timothywright@example.com,001-426-404-2359x73711,1997-03-07,990 Crawford Underpass,Smithhaven,Ukraine,2026-06-01
430,Joshua Barnes,ramirezangela@example.com,411-345-7683,1977-06-11,19237 Grant Neck,Port Dianashire,Isle of Man,2023-12-16
431,Crystal Hernandez,juliemyers@example.com,6804184980,1994-06-13,73377 Lewis Extensions Suite 881,Lake David,Malawi,2024-01-31
432,Andrea Palmer,knightjohn@example.com,+1-853-946-0605x6035,2004-05-08,279 Lucas Throughway,East Carol,France,2025-07-31
433,Jessica Johnson,hoffmanjanet@example.org,001-905-846-4754x89547,1995-11-08,5175 John Grove,Nancyhaven,Denmark,2024-10-18
434,Erika Allen,michaeltorres@example.com,764.549.6392x43588,1981-11-20,821 Little Ford Suite 275,South Todd,Faroe Islands,2025-11-18
435,Glenn Scott,kingtammy@example.net,(501)634-7789x4896,1973-03-28,7917 Hughes Crest,East David,Senegal,2023-09-12
436,Benjamin Rodriguez,david16@example.org,8905015944,1960-06-30,99948 Randall Drive,New Breannabury,Chile,2025-02-04
437,Luis Best,duncanchristina@example.com,311.236.3379x2234,1969-07-24,469 Griffin Fort,Port Christophermouth,Kenya,2024-02-08
438,Janice Gilbert,wjohnson@example.com,876.985.5078,1998-02-21,2196 Kristin Fords,West Michael,Falkland Islands (Malvinas),2024-07-10
439,Stephanie Gray,ryu@example.net,217.906.9556,1979-08-19,761 Scott Forks Suite 547,East Jeffrey,Myanmar,2026-03-17
440,Kiara Gonzalez,wernermichael@example.org,621-998-0418,1975-10-12,2642 Robert Expressway,East Monicaton,Montserrat,2026-04-01
441,Shelby Delacruz,keithharrison@example.com,(430)339-1114,2001-09-04,522 John Branch Suite 248,New Williamton,India,2024-01-15
442,John Bradford,michelleflowers@example.net,473-272-1329x016,1964-07-03,8768 Oneal Mountain Suite 996,Alexandrachester,Chad,2025-08-09
443,Beth Johnson,greenemichael@example.com,996-566-4505,1982-05-10,62792 Sanders Divide,East Rebeccaview,Libyan Arab Jamahiriya,2025-03-01
444,John Khan,danderson@example.org,(314)650-5766,1970-11-20,870 Jones Isle Apt. 482,North Dustinside,Faroe Islands,2023-09-21
445,Daniel Meyer,westmatthew@example.net,859.254.5089x177,2000-12-13,65742 Kathleen Flat,New Patrickfurt,Cyprus,2023-08-24
446,Adam Anderson,ahudson@example.org,(489)943-0120x47137,1971-12-18,75957 Ray Plaza,Crystalmouth,Malta,2024-02-16
447,Sara Lawrence,linda33@example.org,(574)558-4760x94412,2001-09-07,2188 Gutierrez Locks,Knightport,Belgium,2024-06-30
448,John Hebert,hamptonsara@example.org,(866)526-7055x14377,1988-06-19,3439 Matthew Rapid Suite 961,North Christophertown,Canada,2025-10-06
449,Steven Michael,victoriasmith@example.org,6247559102,1999-09-15,91090 Kristine Lock,Rodriguezshire,French Guiana,2026-01-31
450,Andrea Salazar,calvinobrien@example.com,(781)479-3406,2005-04-14,5844 Butler Freeway Suite 533,Hernandezberg,Argentina,2023-10-21
451,Shaun Hernandez,umartinez@example.org,955-293-7661x8943,1998-04-14,63510 Maureen Unions Suite 627,Barrettfurt,Slovenia,2024-11-03
452,Robert Mcgee,wbarrett@example.net,001-520-924-6175x202,2000-01-02,26005 Mcbride Landing Suite 017,East Dylan,Pitcairn Islands,2026-04-08
453,Natasha Hill,lpreston@example.net,+1-736-207-9848x704,1974-04-12,176 Sloan Rest Apt. 593,Bakerton,Svalbard & Jan Mayen Islands,2024-06-10
454,Lauren Foster,schmidtbilly@example.com,860.260.1488,2002-08-02,079 Amanda Plaza Suite 136,Gregoryborough,American Samoa,2026-05-19
455,Gary Sanchez,ismith@example.net,001-642-344-6263x2514,2000-05-17,10314 Daniel Mission,Davidside,Lao People's Democratic Republic,2025-08-21
456,Michael Ramirez,kellychristopher@example.org,(538)940-9112x2528,1983-04-03,56618 Lewis Field Suite 913,Grantmouth,Iceland,2024-11-01
457,Christina Williams,klopez@example.com,3553605712,1982-03-07,7885 Colleen Bypass,Johnside,Swaziland,2025-04-11
458,Scott Brown,elizabeth24@example.com,(645)661-8517,1984-11-16,04521 Sarah Rapids Apt. 511,Katrinamouth,Tuvalu,2023-12-29
459,Daniel Mcbride,brandoncollins@example.net,001-381-789-8484x16046,2003-06-23,021 Stacy Radial Apt. 170,Pachecofurt,Mauritius,2023-12-03
460,Kevin Hoffman,christopherjackson@example.net,001-810-273-2283,1981-06-18,378 Brian Forest Suite 384,Derekshire,Isle of Man,2025-12-04
461,David Chase,mannjonathan@example.net,401.269.3429x2913,1984-08-20,01623 Chung Ports,Lake Jasonville,Switzerland,2026-06-05
462,Brian Clark,dylanwong@example.org,(556)568-4732x365,1999-06-18,4604 Ryan Estate Apt. 078,Jamesville,Turkmenistan,2024-09-08
463,Douglas Simmons,kennedykathryn@example.org,001-875-643-7347,1966-12-13,3720 Deanna Lights,New William,Vietnam,2024-01-30
464,Nathan Boyd,nelsondominique@example.com,001-460-919-1344x3899,1985-08-19,05869 Smith Fields,North Jessica,Saint Helena,2025-04-09
465,Robert Willis,msantiago@example.net,001-251-767-9335,1981-01-13,3857 Ryan Points Apt. 119,East Robert,Aruba,2024-05-03
466,Joseph Rodgers,beckertheresa@example.com,001-323-633-5104x096,1984-05-17,15391 Linda Turnpike Apt. 074,Lake Katherine,Saint Lucia,2023-06-29
467,Katherine Gay,gclay@example.org,293.694.0655x78201,1990-02-17,23023 James Hill,Brownmouth,Czech Republic,2026-02-05
468,Bruce Barr,michaelsherman@example.com,+1-362-312-7602x50826,1988-09-06,12616 Holly Expressway,Jenniferside,Turks and Caicos Islands,2026-05-06
469,Stephanie Vargas,olivia29@example.net,+1-593-876-2974x54930,1967-03-25,8719 Laura Crossroad Apt. 381,Fostershire,Rwanda,2024-01-16
470,Christopher Liu,johnwilliams@example.net,+1-313-688-1588,1972-05-31,8220 Henry Villages Apt. 231,New Scott,Jamaica,2026-02-28
471,Nancy Morris,erinhaney@example.com,3003000152,1973-07-13,1785 Kristin Summit,Lake Edwardstad,Germany,2025-01-28
472,Rebecca Gordon,karen42@example.org,+1-329-498-7478,1980-09-29,8905 Harrison Parkways,Mcdonaldton,Netherlands Antilles,2023-09-03
473,Dean Sanchez,dana15@example.net,748.726.6913x62483,1994-05-13,4296 Angela Canyon,Brownborough,Dominican Republic,2025-03-18
474,Lisa Stevens,kristin09@example.net,222.610.4016x48188,1973-09-16,287 Gilmore Gateway Apt. 638,South Josephberg,Peru,2023-09-29
475,James Gregory,aimeebrewer@example.net,001-346-642-0362x5863,1979-03-12,70646 Michael Terrace Suite 402,Kramerstad,Guam,2025-10-11
476,Elizabeth Chung,barnettterry@example.com,(444)689-8803x15388,1965-10-05,279 Emily Junctions Apt. 404,East Sabrina,Cote d'Ivoire,2024-12-22
477,Joseph Matthews,fosterjeffrey@example.org,211-597-8718,1997-03-21,137 Dennis Row,Yvonneton,Turkmenistan,2025-03-12
478,Miranda Huber,uchang@example.com,578-268-8002,1996-07-26,156 Andrea Villages,East Haleymouth,Latvia,2026-03-05
479,Deborah Campbell,hornerebecca@example.org,+1-336-659-5201x491,1989-09-07,433 Moreno Junctions,New Donaldchester,Congo,2024-03-11
480,Brooke Lewis,charleshayes@example.com,761-514-0428x86050,2001-10-19,6608 Darren Crossroad Suite 003,New Nicolestad,Iceland,2025-02-27
481,Anita Pitts,hughesgail@example.org,331-923-4550x68826,1997-04-20,8293 Roberts Canyon Apt. 348,Port Allisonmouth,Slovakia (Slovak Republic),2024-04-16
482,David Roy,ricklewis@example.net,(391)601-5709x085,1965-08-02,207 Aguilar Expressway Suite 999,Wangshire,Sri Lanka,2025-01-23
483,Mary Greer,hdavis@example.com,(385)696-9325,1978-07-22,499 Stephanie Field,East Marybury,French Polynesia,2024-01-25
484,Jessica Elliott,russellholly@example.net,526.717.6072x3483,1997-09-10,382 Mary Haven Apt. 561,Lake Ashley,Jordan,2024-12-01
485,Robert Bowers,wgarza@example.net,+1-926-841-8696x56130,1994-12-10,238 Duncan Terrace,West Meganview,Iran,2025-10-08
486,Kevin Mejia,connie00@example.org,530.308.6966x1016,1961-10-02,395 Brandon Circles,Roseview,Belgium,2024-09-17
487,Angel Rojas,chavezkim@example.net,939.676.2053x44077,1994-02-15,07266 Caitlyn Key Apt. 817,Livingstonton,Central African Republic,2025-11-14
488,Lindsay Hammond,andrew88@example.com,733-437-3125,2002-10-16,6178 Steven Ford,Lake Craig,Netherlands,2024-02-28
489,Brian Christensen,mandypetty@example.com,(577)989-5613,1960-07-12,844 Watkins Stream,Port Beth,Australia,2024-01-24
490,Elizabeth Williams,reynoldsjustin@example.org,473.941.6781,1991-07-23,822 Alexis Estates Apt. 798,North Courtney,Eritrea,2025-09-03
491,Jennifer Armstrong,jessica79@example.com,763.883.1828,1986-10-15,3970 Floyd Radial,Powellville,Korea,2025-07-02
492,Jennifer Hurley,rachelholmes@example.org,5507682122,1994-12-27,216 Smith Isle Suite 146,Lake Charles,Pakistan,2024-03-16
493,Kenneth Murphy,wnovak@example.net,6892843699,1997-08-04,05093 Proctor Rapid,Williamport,Oman,2024-01-07
494,Larry Mathis,hollandjustin@example.com,+1-888-970-7152x3867,1979-10-14,209 Hill Tunnel,New Bryanmouth,Lithuania,2026-01-23
495,Janice Hernandez,twagner@example.org,(258)893-7085,2003-10-20,350 Ware Shore,Karlafurt,Hong Kong,2026-02-06
496,Jesus Johnson,jacksonrachel@example.org,001-655-444-2867x96325,1979-09-08,289 Clarke Village,Port Shelia,Mayotte,2025-11-25
497,Gina Martin,cohensabrina@example.org,+1-857-525-6292,1984-06-26,8951 Michelle Parkways,New Jenniferstad,Haiti,2023-07-29
498,Katherine Baker,jherring@example.com,6953744303,1999-02-06,79720 Adrienne Squares,Brandiview,South Africa,2023-08-17
499,Jackson Foster,nguyenshawn@example.com,931-732-5936x78136,2003-07-27,94214 Austin Knoll,South Patrick,Marshall Islands,2023-12-26
500,Kelly Hoffman,katherinesmith@example.com,(738)888-5622,1962-08-09,59867 Ramirez Wall Apt. 275,Tonyaview,Mauritius,2026-02-26
