cust_id,name,email_addr,contact_no,birth_date,addr_line,town,nation,reg_date
1,Allison Hill,,+1-219-560-0133,12/27/1969,79402 Peterson Drives Apt. 511,Davisstad,Netherlands,08/03/2024
1,Allison Hill,,+1-219-560-0133,12/27/1969,79402 Peterson Drives Apt. 511,Davisstad,Netherlands,08/03/2024
2,Monica Herrera,smiller@example.net,+1-659-931-0341x316,03/30/1962,55341 Amanda Gardens Apt. 764,Lake Mark,Seychelles,09/14/2023
3,Andrew Stewart,carl95@example.org,+1-876-772-4238x8496,09/03/1984,87101 Courtney Turnpike,Carlsonfurt,Hong Kong,12/31/2025
4,Kendra Maddox DVM,frazierdanny@example.net,001-645-514-6270x48281,12/20/1981,2880 Burns Creek,Natashaport,Dominican Republic,09/17/2023
5,Keith Miller,wcabrera@example.net,001-822-778-2489x63834,01/10/1980,713 Caleb Brooks Apt. 930,Lake Crystalbury,Bangladesh,08/07/2023
6,Andrea Young,ilewis@example.net,001-897-737-6311,07/08/1972,7010 Chandler Union Apt. 333,Taylorburgh,Fiji,06/07/2025
7,Thomas Ramos,williamsyvette@example.org,432-867-7360,03/12/1969,4746 Moore Hill,North Beth,Mauritius,09/22/2023
8,Amy Silva,brianromero@example.org,291-336-1939,10/19/1967,998 Donovan Ford Suite 346,Lake Debbie,Kuwait,10/23/2024
9,Taylor Smith,jonesjason@example.com,(651)235-4278,11/07/1997,124 Pamela Summit Apt. 449,Lake Matthew,Poland,03/01/2026
10,Kathy King,davisrodney@example.com,2053242786,11/07/1962,280 Aguilar Drive,Andersonport,Haiti,08/20/2023
11,Christine Wright,gomezanita@example.com,+1-423-322-6025x634,09/03/1962,73375 Hoover Well Apt. 303,Murphyland,Sierra Leone,08/26/2024
12,Jordan Frazier,sheila14@example.org,001-340-819-6556,05/28/1968,0608 Michael Cliff,Cindyville,Saint Helena,09/28/2024
13,Mary Nguyen,angela36@example.net,(729)994-6804x4369,08/13/1979,3872 Justin Shore Suite 134,Port James,Anguilla,08/30/2023
14,John Atkinson,gibsonolivia@example.net,567.463.2016,11/14/1980,83172 Contreras Points Suite 798,Rivasside,Kiribati,02/22/2024
15,Karen Green,maryramirez@example.net,434.571.4345x5812,05/03/2005,231 Russell Plains Suite 603,Priceshire,Yemen,06/04/2026
16,Spencer Johnston,wsmith@example.com,001-766-888-9373x46706,05/19/1962,2980 Vargas Shore,North Dawnberg,Tonga,06/06/2025
17,David Murphy,wmurphy@example.com,264-517-0805x310,11/02/1977,92327 Anne Forge,Lyonsstad,Chad,01/16/2026
18,Nicole Wilson,tamirodriguez@example.org,296-763-1931x4919,08/20/1997,518 Smith Manor Suite 165,Zimmermanchester,Christmas Island,09/07/2025
19,Debra Morton,umarshall@example.net,253-914-7379x965,10/11/1979,73545 Beard Squares Suite 808,North John,Ireland,07/17/2025
20,Cynthia Alvarez,bwest@example.org,736-734-9578x8568,04/19/2000,4431 Leslie Summit Apt. 337,Jennyhaven,Nepal,09/01/2024
21,Dr. Elizabeth Ward,alexis82@example.com,6089427109,12/15/1984,5204 Wilson Circles Suite 719,East Edwardshire,Yemen,10/03/2024
22,David Grant,yobrien@example.net,286.377.4964,07/31/1960,341 John Plaza,East Aaronmouth,Portugal,12/28/2025
23,Andrew Roberts,jacqueline71@example.net,649.436.1832,04/28/1974,24994 Martinez Spurs,Hollyview,Macao,10/05/2025
24,Bobby Williams MD,cassandra01@example.org,+1-899-904-9027x87429,11/30/1997,5655 Mia Isle,Steeleport,Panama,03/03/2025
25,Krista Gibson,johnny16@example.net,9879603859,07/11/1990,48247 Martinez Roads,Lake Eric,Micronesia,07/11/2023
26,Anna Gay,murraydavid@example.org,448.346.7737x8263,12/05/1984,5840 Barber Villages Suite 278,Reedside,Serbia,10/11/2025
27,Timothy Kane,ashleyhall@example.com,7573662702,12/12/1973,87026 Charles Tunnel Suite 596,Port Markside,Hong Kong,10/23/2024
28,Stacy Freeman,williamsonjimmy@example.net,631-761-1724x0050,04/26/1979,2386 George Common Suite 937,East Steven,Equatorial Guinea,06/02/2025
29,Adam Ballard,erica21@example.com,(894)764-7436x713,03/13/1990,406 Smith Way Apt. 974,New Laurie,Cyprus,03/04/2026
30,David Campos,courtneyberger@example.net,7478095214,03/03/1969,28588 Rivas Glens,Coffeyport,San Marino,11/27/2024
31,Julie Jones,michelleramsey@example.com,+1-751-660-4817,04/27/1968,513 Johnson Points Suite 931,Blankenshipport,Pakistan,03/15/2025
32,Andrew Johnson,pwilson@example.net,(367)958-6926,01/31/1994,0537 Sampson Walk Suite 158,Bruceview,Comoros,12/26/2023
33,Samantha Davis,darleneharper@example.org,5535293183,09/04/1968,90422 Lindsey Creek Apt. 205,New Mario,China,08/05/2024
34,Patrick Fox,alvarezkimberly@example.net,001-917-283-9084,03/16/1992,6617 Jones Common,Charleneland,Brunei Darussalam,08/20/2024
35,Lauren Joseph,hvang@example.com,789.961.1836x736,11/09/1990,1565 Brooks Drives Suite 111,South Colinstad,Sudan,01/08/2024
36,Laurie Hoffman,elizabeth65@example.net,001-360-749-4519x83273,09/24/1983,49368 Chelsea Shoals Suite 024,Sandrastad,Albania,03/27/2024
37,Kylie Morales,joycebonilla@example.org,001-383-266-7525x4599,11/24/1963,90147 Tucker Mills,Nelsonhaven,Brazil,12/07/2024
38,Douglas Gregory,,669.600.3432,03/20/2001,07622 Patel Forks Suite 160,Smithland,Tokelau,10/18/2024
39,Laura Mckinney,zroberts@example.org,829-675-1613x69681,03/14/1971,52181 Rebecca Keys Suite 231,West James,Netherlands,02/12/2024
40,Mary Thompson,kmarshall@example.net,299.755.2717x744,12/16/1993,7700 Decker Club,New Brookefurt,Kyrgyz Republic,12/07/2025
41,Rebecca Huang,kstout@example.net,759.378.2071,01/26/1967,37788 Michael Haven,Ortizmouth,Philippines,01/03/2026
42,Mark Cook,cody64@example.com,001-692-851-9254x6291,04/20/1986,81685 Michael Falls Apt. 573,East Eric,French Polynesia,11/24/2023
43,Kimberly Rodgers,stanleynancy@example.net,(296)822-2927,06/11/1992,379 Goodwin Tunnel Suite 383,Tammyfort,United Kingdom,04/16/2024
44,Travis Joyce,xhammond@example.com,386.623.9240x75818,04/01/1977,47826 Stacey Forges,Wilkersontown,Israel,09/10/2023
45,James Hughes,brooksanthony@example.org,001-352-220-4727x790,03/29/1966,28986 Kimberly Freeway Suite 103,Fowlermouth,Bahrain,12/09/2023
46,Kathryn Herrera,jennifercarter@example.org,+1-253-896-2185x188,02/10/1964,65405 Michael Street Apt. 952,West Amyburgh,Switzerland,05/18/2026
47,Michael Welch,bryanparsons@example.com,8439030548,06/11/1980,34505 Martinez Land Suite 676,Terrifort,Puerto Rico,07/31/2025
48,Robert Adams,acostachristian@example.net,(984)851-1544,12/17/1985,757 Jessica Knoll,Hillton,Belarus,04/27/2026
49,Heidi Owen,stephaniethomas@example.net,+1-770-721-3556x90927,02/27/1967,92856 Banks Gateway Apt. 027,Mcintyreville,Estonia,07/28/2024
50,Cindy Carr,igonzalez@example.org,427.715.5188x442,11/19/1980,32370 Spencer Land,Laraside,Bulgaria,01/25/2026
51,Ana Sanders,xfox@example.com,001-412-451-7785,01/22/1969,8018 Kevin Estates,Sarahbury,Guatemala,09/03/2025
51,Ana Sanders,xfox@example.com,001-412-451-7785,01/22/1969,8018 Kevin Estates,Sarahbury,Guatemala,09/03/2025
52,Sarah King,david49@example.net,782-299-2299,02/06/1994,09439 Montgomery Burgs,Smallside,French Guiana,03/13/2026
53,Karen Ballard,eevans@example.net,4277677359,12/08/1984,562 Robertson Coves Suite 371,Shannonberg,Bhutan,09/06/2023
54,James Gilbert,sydneybarrera@example.com,001-953-227-8774,09/04/2000,8733 Williams Haven,Harperfort,France,09/30/2025
55,Brian Anderson,jessica65@example.org,(609)383-5841x6878,09/23/1992,65585 James Pass,Porterton,Argentina,01/18/2024
56,Regina Stone,catherinerobertson@example.com,+1-652-969-4958x887,08/04/1974,5169 Robles Stream,New Thomasshire,Morocco,06/07/2024
57,Lauren Jackson,rhernandez@example.org,8915307562,03/18/1993,970 April Points Suite 786,Suemouth,United States Minor Outlying Islands,09/25/2025
58,Hector Ingram,chelsea33@example.com,+1-743-644-3757,11/15/1991,98665 Kelly Heights Apt. 574,Lewisside,Faroe Islands,11/09/2025
59,Breanna Gilbert,johnsantiago@example.net,230.416.5712,10/18/1978,773 Morris Rue Apt. 193,East Robertburgh,Vietnam,08/15/2023
60,Jennifer Simpson DVM,nancy04@example.net,+1-515-347-8872x874,12/14/1983,74205 Bradley Throughway Apt. 296,Robertsonland,Iran,04/24/2026
61,William Woods,adamreyes@example.com,001-445-849-9045x30174,05/28/1966,145 Jeffrey Dale Suite 279,Robertside,United States Minor Outlying Islands,06/20/2025
62,Rebecca Petersen,erinlarson@example.org,478.751.9108x83982,05/09/1975,39718 Stokes Motorway Apt. 867,New Stevenport,Saint Kitts and Nevis,07/23/2023
63,Robert Reese,williamsmelvin@example.org,+1-801-770-4622,12/17/1981,6618 Desiree Keys Apt. 286,Lake Tiffany,Syrian Arab Republic,06/25/2023
64,Veronica Ford,opatel@example.org,352.343.1069x033,08/29/1974,9030 Gonzales Plains,Port Michelle,Azerbaijan,01/23/2024
65,Donna Cabrera,barbara53@example.com,(483)864-4089,06/21/2001,56856 Hernandez Lane Apt. 873,West Meredith,Cambodia,06/08/2025
66,Kristina Faulkner,paulscott@example.com,+1-317-551-8304x6990,01/15/1994,3540 Sharon Streets,Lake Yvonnefort,United States Virgin Islands,06/30/2024
67,Michele Sanders,andrearowe@example.com,585.744.5877x175,03/20/1984,0932 Jose Prairie Suite 423,Jerryshire,Syrian Arab Republic,07/05/2024
68,Mr. Michael Scott PhD,umurray@example.com,(328)272-8080,09/14/1979,2312 Jeffery Motorway,Brucefort,Palestinian Territory,07/16/2025
69,Joseph Jenkins,morenojoshua@example.com,5866211823,02/03/1989,6156 Cunningham Square Apt. 410,South Nicholasside,Lebanon,09/15/2023
70,Michele Miller,vnewman@example.net,380-633-9740,01/06/1965,50392 Hickman Hills,New John,Syrian Arab Republic,02/13/2025
71,Kimberly Reyes,krystalnorris@example.org,650.916.3159x99650,07/19/1980,58662 Miller River Suite 311,Ericberg,Saint Vincent and the Grenadines,02/14/2025
72,Brian Smith,sean41@example.org,226-378-8861,11/17/1962,199 Shields Bridge Suite 661,New Adriana,Poland,01/31/2025
73,Derrick Adams,bryanhamilton@example.com,671-254-3799x3712,04/19/1988,9657 Jordan View Apt. 459,South Leon,Indonesia,10/27/2024
74,Michael Henry,markramirez@example.com,(619)339-8280x737,12/28/1995,724 Johnny Drives Suite 617,Aguilarside,Madagascar,05/29/2026
75,Andrew Schmitt,,(529)509-6561x014,01/08/1984,6798 Michael Burg Suite 146,North Marieberg,Guernsey,10/16/2024
76,Richard Boyd,thomas77@example.com,440-410-5123,12/08/1965,673 Soto Ferry Suite 609,South Brittany,Iceland,06/26/2023
77,Christine Goodwin,raylauren@example.net,(755)837-1478,12/05/1978,155 Williamson Via Suite 991,West David,Gambia,12/18/2023
78,Michael Dixon,kcarlson@example.com,(227)782-8274x22579,03/25/1988,2368 Ortiz Overpass,Mckinneymouth,Liechtenstein,03/05/2024
79,Andre Juarez,antonio38@example.com,(679)778-8191,01/28/1979,783 Garcia Village,West Nancy,Antigua and Barbuda,05/18/2025
80,Scott Miller,rowejoel@example.net,001-259-762-9233,10/14/2004,825 Roberts Grove Apt. 260,Michelleberg,Reunion,01/12/2024
81,Michael Poole,kburns@example.net,766-271-1684x577,06/30/1995,751 Robinson Meadow,South Joseph,Switzerland,09/02/2024
82,Kenneth Knight,rkramer@example.org,8175012770,03/01/2001,424 Diamond Glen,West Elizabethburgh,Austria,02/24/2025
83,Molly Fischer,trios@example.org,2372129387,10/25/1972,62713 Davis Valley Apt. 155,Derrickberg,Norway,05/06/2026
84,Joseph Smith,scottbowen@example.net,001-826-797-3112x1965,10/06/1983,41389 Maxwell Spurs,Port Melanieport,Costa Rica,09/01/2025
85,Chelsea Myers,bowerslaura@example.org,861.737.9180x5526,07/11/1972,1091 Jose Canyon,Port Raymondport,Niue,08/06/2025
86,Jessica Morales,joshuacollins@example.net,528.256.9146,02/15/1982,61799 Kyle Streets,North Alexander,Burundi,06/13/2026
87,Jon Reed,gary24@example.net,305-964-8149,07/28/1983,507 Michael Glens Apt. 913,North Micheletown,Ecuador,08/30/2023
88,James Hernandez,tranrobin@example.net,+1-263-453-6541x9518,06/08/1998,061 Cline Trail,Markside,Korea,07/02/2023
89,Eddie Mueller,stevenvargas@example.com,001-838-632-0603x85050,10/31/1995,83670 Jennifer Course,East Phyllishaven,Isle of Man,06/12/2026
90,Judy Adkins,wagnerdana@example.com,799-806-2344,06/22/1992,7431 Derek Trail Apt. 212,Owenschester,British Indian Ocean Territory (Chagos Archipelago),09/29/2025
91,Randy Hayes,hbaker@example.org,(749)803-5213,09/04/1979,442 Stephanie Walk,Hawkinsside,Egypt,11/14/2023
92,Robert Taylor,brownkimberly@example.org,(236)351-9941,05/29/1972,721 Martinez Mountain,East Sandrachester,Swaziland,02/22/2025
93,James Simmons MD,joshuagriffin@example.org,9992934768,09/17/2005,6263 Crystal Unions,South Kimberlystad,Lesotho,10/12/2025
94,Hailey Cunningham,paul20@example.com,+1-530-540-7859x321,04/10/2004,039 Kelly Villages Apt. 239,Lindastad,United States Minor Outlying Islands,12/24/2025
95,Michael Meza,annalopez@example.com,+1-542-270-1039,02/26/1968,59325 Samantha Vista Suite 002,Port Daniel,Malta,01/06/2025
96,Jacqueline Mcmahon,vwillis@example.com,622-667-5289x53926,03/23/1964,09690 Carrie Valleys,Lake Ariana,Vietnam,07/29/2025
97,Patrick Young,gary15@example.com,2438315410,11/01/1969,626 Macias Keys Suite 179,East Shannon,South Georgia and the South Sandwich Islands,08/10/2023
98,Fernando Lynn,petersonpamela@example.org,001-418-215-9970x6296,09/17/1973,3368 Guerrero Hills,North Brandon,Montserrat,10/20/2025
99,Brittany Ward,qmiller@example.net,+1-873-910-3241x714,05/09/1974,418 Lopez Light Suite 270,Scottview,Czech Republic,08/10/2024
100,Brittany Horton,millermaurice@example.net,(393)880-6868x79374,11/15/1997,989 David Throughway,Thompsonburgh,Croatia,04/14/2024
101,Jay Mcneil,oharris@example.org,+1-945-211-6868x548,09/12/1965,62299 Sara Port Apt. 485,Bakerfort,Montserrat,01/20/2026
101,Jay Mcneil,oharris@example.org,+1-945-211-6868x548,09/12/1965,62299 Sara Port Apt. 485,Bakerfort,Montserrat,01/20/2026
102,Christopher Powell,vwilliams@example.net,607.945.0544,07/09/1994,24754 Jacobs Corners,South Jason,Swaziland,03/13/2025
103,Olivia Camacho,robertsonerik@example.com,001-286-928-9023x303,03/27/1994,3457 Reid Crossing,East Nathanmouth,Christmas Island,06/26/2025
104,Hannah Martin,kaitlyn14@example.org,(902)493-3334x6800,12/28/2001,034 Marquez Station,Rodneyfurt,Timor-Leste,12/12/2024
105,Daniel Turner,asilva@example.net,+1-658-699-4417x15454,07/22/1982,83096 Becker Stravenue,Lake Tylerport,Eritrea,03/31/2025
106,Norman Aguilar,matthewreeves@example.net,+1-375-984-2824,01/11/1961,482 Pena Forges,Jeffreyport,Italy,11/15/2024
107,Kevin Ford,ruizmichelle@example.net,001-691-873-8168,04/11/1970,23569 Thomas Wall,Port Christopher,Grenada,02/24/2026
108,Mrs. Amy Hayes,kathleenjackson@example.org,512.796.6667x6008,12/09/1983,8300 Jeremy Wells,Larryville,Hungary,08/09/2025
109,Carol Colon,stacy78@example.net,556.225.7532x60332,07/08/1990,50648 Brittney Causeway,Lake Maryton,Portugal,12/16/2023
110,James Kelley,nmiles@example.net,+1-304-661-8499x26189,01/03/1970,73934 Michael Lodge,Ethanside,Luxembourg,05/07/2024
111,Karen Young,powersrebecca@example.net,+1-372-418-1143x74470,05/01/1986,5561 Melissa Cape,Port Devonburgh,Greenland,12/26/2024
112,Tina Adams,,(867)946-7621x2021,01/02/1999,96590 Timothy Oval Apt. 670,West Dianatown,Romania,05/08/2026
113,Natasha Cummings,tiffanysantiago@example.com,489.916.3756x28900,03/10/1974,17535 Williams Fork Suite 631,Wallaceshire,Kiribati,11/03/2023
114,Jillian Wilson,bmcgee@example.org,(960)788-0199x4883,09/14/2000,37589 Moran Lakes Suite 113,West Michaelport,Mexico,09/07/2025
115,Brian Prince,ttaylor@example.net,001-361-849-3316x3735,04/16/1960,917 Barrett Parkways,South Adam,Saint Pierre and Miquelon,09/03/2023
116,Jessica Richards,heatherthompson@example.org,569-695-8669,08/18/1983,4722 Morrison Summit Suite 858,East Jason,Rwanda,09/13/2024
117,Tammy Anderson,williambenson@example.com,001-315-287-9968x460,11/28/2004,00342 Vega Drive Apt. 438,West Lisaville,Nicaragua,05/04/2026
118,Sharon Newton,yyoung@example.net,506-766-5800x4397,01/11/1976,347 Tonya Club,East Jill,British Indian Ocean Territory (Chagos Archipelago),01/25/2025
119,Douglas Baker,brandyscott@example.com,720.325.9094x798,07/18/2005,328 Kristie Estate Suite 886,West Jeffreyborough,Panama,11/16/2024
120,Edward Clements,wbarajas@example.net,7158739930,07/18/1969,4840 Robertson Pass,Tuckerport,Ukraine,03/28/2026
121,Jose Vaughan,teresaayala@example.net,3134361386,10/10/1986,5011 Gregory Glen,New Lorraineview,Ireland,02/11/2025
122,Jared Stewart,inunez@example.org,+1-691-990-1581x4491,07/18/2005,0728 Derek Lock Suite 245,New Nancyberg,British Virgin Islands,08/23/2023
123,Kyle Medina,torreskaitlin@example.net,(436)282-2239x431,11/04/1977,814 John Flat Suite 552,North Justin,Bangladesh,04/15/2024
124,Jerry Jensen,heather29@example.net,(756)920-5336x452,09/17/1973,5478 Gregory Rest Apt. 428,West Jessica,Niue,10/16/2023
125,Stephanie Atkinson,hessbeth@example.net,808.548.8725,07/18/1993,78816 Shaw Shore Apt. 928,South Erik,Mongolia,11/14/2025
126,Tracy Fitzgerald,ccrosby@example.org,001-273-214-5303x85677,06/29/1974,84498 Nicholas Lane Suite 918,Nicholasbury,Maldives,03/11/2025
127,Sean Tucker,aeaton@example.net,(472)431-8432,01/19/1960,136 Cortez Orchard Suite 739,Lake Martha,Angola,07/02/2024
128,Kenneth Martin,macdonalddylan@example.org,928-969-9041x379,01/29/1989,69292 Jackson Spur,Sandrashire,Bangladesh,06/11/2024
129,Carlos Smith,mserrano@example.org,(979)490-8811,11/01/2003,686 Golden Square,Perezfort,Somalia,02/01/2025
130,Robert Velez,colemanjonathan@example.org,349-286-4300,09/30/1961,356 Rodriguez Meadow Suite 486,Cherylfurt,Saudi Arabia,05/01/2024
131,Richard Olson,angie74@example.com,001-556-821-3721,01/13/1970,902 Oconnell Avenue Apt. 279,Davisview,Cyprus,01/16/2025
132,Andrew Cruz,hmendez@example.com,001-590-427-7038x430,07/25/1992,3021 Chan Knoll,Sullivanborough,Maldives,07/13/2023
133,Andrea Davis,jessica89@example.com,(343)393-7690x426,08/03/1987,1848 Benson Lane Suite 357,Mosleytown,Liberia,12/17/2023
134,James Kramer,ericahall@example.com,(958)780-4341x65182,06/25/1981,94237 Jimmy Garden Suite 333,Port Christine,Cape Verde,12/02/2023
135,Blake Sosa,waustin@example.net,4756957947,03/13/1965,92086 Ayers Bypass Suite 627,Lake Aprilmouth,Portugal,07/03/2023
136,Daniel Carpenter,michael42@example.net,734-779-5527x636,08/10/1981,7292 Lisa Stravenue Suite 386,Gonzalezberg,Lebanon,07/05/2023
137,Jonathan Cowan,kristen44@example.net,001-306-912-0347,01/24/1967,5588 Cooper Loop Apt. 593,Port Justin,Greece,04/30/2026
138,Patricia Griffin,jamesjustin@example.net,(425)769-9611,09/07/1967,5449 Nelson Mills,Juliehaven,Korea,03/24/2025
139,Scott Martinez,ebonyshepard@example.net,001-313-326-1117x8006,08/07/2003,216 Perez Street Suite 722,North Austin,Guinea-Bissau,11/06/2024
140,Julie Pitts,amy28@example.org,001-997-596-8845,03/17/1966,4564 Kevin Alley,West Justin,Martinique,07/02/2023
141,Katherine Campos,albert64@example.net,508.453.6866,04/13/1971,3416 Zachary Union Suite 484,Lopezland,Cocos (Keeling) Islands,01/18/2024
142,Mark Williamson,jackie73@example.com,4209802144,07/09/1971,12073 Fisher Turnpike,Boltonmouth,Qatar,08/08/2023
143,Ryan Lynn,adamsphilip@example.net,923.346.0136x7303,08/22/2002,6452 Julie Plaza,West Timothyport,Congo,12/30/2024
144,Sharon Robinson,youngryan@example.org,(949)416-3009,10/24/1974,32719 Galvan Trace Apt. 052,East Tonymouth,Moldova,03/17/2026
145,Renee Gonzales,andrewgray@example.net,(540)477-8487,10/12/1983,7498 Casey Drives Suite 448,Shawnhaven,Hong Kong,04/03/2024
146,Lisa Diaz,malikbrown@example.net,(338)278-2945x6511,12/17/1997,03173 Anthony Row,Barretthaven,Nigeria,06/13/2026
147,Amber Walker,smithsamantha@example.net,317.605.8650x9480,01/01/1979,81138 Lopez Pine,New Colleen,Christmas Island,11/03/2025
148,Jennifer Garcia,emily61@example.org,(786)785-2897,01/17/1978,6659 Anna Forest Suite 845,Westfurt,Afghanistan,08/12/2023
149,Ms. Kelly Holder,,2489889921,12/19/1987,24593 Jonathan Hills Apt. 969,Lake Chris,Greece,07/08/2025
150,Roger Norris,larsonkevin@example.net,001-561-205-5661,10/18/1995,48058 Mark Square Apt. 206,Mullinsshire,Madagascar,11/06/2023
151,Dylan Foster,matthewalvarez@example.net,4869416862,07/02/1993,6938 John Grove,Morrisshire,Benin,12/11/2023
151,Dylan Foster,matthewalvarez@example.net,4869416862,07/02/1993,6938 John Grove,Morrisshire,Benin,12/11/2023
152,Jessica Bailey,melvin04@example.org,(397)292-7033x521,04/21/1999,240 Benson Creek,Shannontown,Greenland,05/09/2024
153,Christy Payne,ana92@example.net,001-606-298-0420x439,07/03/2000,016 Alvarado Shoals Suite 104,Hallfurt,Malawi,11/21/2023
154,Kari Harper,lopezvincent@example.com,+1-400-238-4576,11/09/1970,554 Wendy Parkway Suite 046,New Stacybury,Canada,12/01/2024
155,Mary Miller,rmeyer@example.net,+1-536-439-2649x5782,03/29/1982,48262 Lonnie Point,East Lonnieberg,Saint Lucia,08/04/2023
156,Sheryl Gutierrez,vturner@example.net,001-542-531-2209x9499,02/27/1980,051 Anderson Vista,Josephstad,Colombia,02/10/2025
157,Chad Lee Jr.,schaeferstephanie@example.org,001-233-812-7975x7366,09/29/1965,9998 Abigail Mission Suite 038,Terrellton,Moldova,02/10/2025
158,Lydia Williams,scott44@example.com,(364)390-8277,05/01/1990,826 Morris Burg,South Brittany,Rwanda,04/28/2024
159,Ann Nguyen,jennifermartinez@example.org,001-275-418-6892x686,11/20/1961,222 Kayla Center Suite 447,Courtneyville,United Arab Emirates,01/10/2024
160,April Cannon,ellismelissa@example.net,9973339776,08/23/1980,84983 Jack Centers,Benjaminton,Papua New Guinea,12/04/2025
161,Elizabeth Knapp,rodriguezvictoria@example.org,+1-749-899-8279x50145,10/04/1979,8147 David Wall,Markchester,Malta,05/10/2024
162,Lisa Rodriguez,webbhaley@example.net,969-954-8995x2997,08/23/1960,343 David Mountain,Lake Melaniechester,Isle of Man,08/29/2023
163,Justin Walsh,davidsonhannah@example.com,744-888-5015,05/15/1966,35577 Debbie Orchard,Lake Steven,Tonga,10/01/2025
164,Julia Olsen,conleykevin@example.net,+1-858-480-3955x12405,04/13/1965,91450 Gutierrez Parks Apt. 574,New Kevin,Bouvet Island (Bouvetoya),01/21/2025
165,Paula Gentry,zhunter@example.com,923.857.8452x18230,07/15/1980,40915 Small Cove,Andrewport,Northern Mariana Islands,05/10/2024
166,Corey Hill,kendra14@example.org,(741)709-8813,01/17/1966,49321 Austin Junction Suite 020,Bergerton,Botswana,02/04/2025
167,Jeffery White,tjensen@example.com,981.679.2171,10/26/1962,3329 Durham Lock Apt. 557,Johnsonfort,Bouvet Island (Bouvetoya),12/16/2024
168,Ryan Campbell,cassandra28@example.org,(515)481-4876x9639,08/23/1989,1539 Mueller Mews Suite 832,Lake Sarahshire,Taiwan,07/14/2025
169,Kyle Nguyen,shortgregory@example.com,591-496-5701,05/10/1966,27846 Gonzalez Springs,Kevinport,Uruguay,04/25/2025
170,Suzanne Mooney,carrwilliam@example.org,805-780-0851x4036,05/08/1981,6683 Thomas Field Suite 562,Whitneyberg,Burkina Faso,07/08/2023
171,Alan Griffith,ibarrett@example.org,(867)996-9278,12/25/1984,3269 Becky Vista Apt. 846,Arthurton,Montenegro,07/09/2025
172,Ashley Olson,thomasjessica@example.com,281.789.1371x894,07/20/2003,7879 Fisher Union,Keithton,Puerto Rico,01/03/2026
173,Monica Elliott,sotobelinda@example.net,3496047128,03/22/1979,94440 Cassandra Ramp Apt. 752,Kimberlybury,Libyan Arab Jamahiriya,03/26/2024
174,Shannon Cooper,coffeycaitlin@example.org,466.937.2395x0410,11/14/1971,4783 Vega Loaf Suite 428,Smithmouth,Hong Kong,05/09/2026
175,Joseph Blanchard,hardindana@example.com,+1-545-744-1496x739,05/28/2002,8001 Robert Pine,Lake Seanbury,Saint Kitts and Nevis,09/02/2024
176,Andrew Harvey,maysdiane@example.org,+1-611-919-2692x124,10/19/1981,746 Scott Tunnel,West Kimberlyfurt,Iceland,11/17/2024
177,Deanna Hess MD,vasquezsarah@example.net,(227)312-8639x1741,06/07/2002,470 Hernandez Route,North Elizabethview,Canada,06/11/2026
178,James Smith,zmendoza@example.net,001-218-330-6719x85546,07/08/1996,517 Holland Fall Apt. 634,Mosleystad,Libyan Arab Jamahiriya,10/29/2023
179,Jessica Lopez,leejennifer@example.net,276.218.4787,01/30/1977,50613 Bentley Ways Apt. 931,Lake Donaldtown,Latvia,02/04/2026
180,Michael Anderson,cynthiaconway@example.org,592.891.1179x931,06/17/1968,651 Marc Underpass Apt. 092,Bryanview,Cambodia,03/25/2025
181,Jacob Martin,sarawilliams@example.org,+1-896-920-7100x2194,09/11/1968,24876 Sharon Ridge,New Hectorfort,New Zealand,11/03/2023
182,Rachel Bailey,grantjames@example.net,295-588-3734,09/02/1998,77220 Deanna Haven,South John,Nicaragua,05/23/2025
183,Patrick Buckley,ericjohnson@example.net,713-579-9563,10/14/1991,3136 Nicholas Forges,South Brendaton,Tuvalu,04/27/2025
184,Timothy Gibson,dbrooks@example.net,654.435.2090,12/31/1997,7625 Olivia Rapids,Port Laura,Zambia,01/24/2026
185,Laura Tran,christophervincent@example.com,797.874.0633,11/17/1996,290 Baird Canyon,Quinnhaven,Antigua and Barbuda,04/11/2025
186,Karen Yates,,001-206-932-5431x07427,11/24/2001,62570 Paul Spurs Suite 804,Mullinsside,Morocco,05/06/2024
187,Angela Gilmore,robertsonrenee@example.com,4163579055,11/10/1964,53817 Karen Trace,West Michael,Ethiopia,08/10/2025
188,Destiny Brown,shaun88@example.org,488.647.9513x7116,10/29/1968,24127 Nancy Pike,West Robertside,Venezuela,01/11/2024
189,Jason Rojas,carterbryan@example.org,456.695.5798x87749,06/09/1965,3754 Eddie Haven,Huberburgh,Rwanda,09/28/2025
190,William Franco,evanwilson@example.com,001-727-745-2380,02/14/1996,7828 Martinez Burg,Velazquezberg,Yemen,05/31/2025
191,Brittney Cordova,deborah47@example.com,001-892-597-5170x28140,06/10/1990,1509 Brandy Forges Suite 301,Rhodesland,Malaysia,02/21/2025
192,Evan Jacobs,kerrmichael@example.org,001-365-565-0455x478,10/20/1969,674 Linda Manors Suite 299,East Jaredfort,Trinidad and Tobago,09/13/2025
193,Mrs. Toni Avila,smithdanielle@example.com,(628)979-2326x48704,04/22/1982,00244 Martinez Shores Suite 627,North David,Falkland Islands (Malvinas),07/24/2025
194,Andrea Reese DDS,ooneill@example.net,415.789.0429x0257,03/10/1977,45650 Carter Route,New Jamesburgh,Serbia,11/13/2023
195,Carol Morris,margaret44@example.net,001-951-889-5202x845,01/23/1977,13283 Laura Points Apt. 671,Port Davidtown,Lesotho,12/11/2024
196,Jack Montoya,gerald40@example.net,332-823-4232,03/31/2000,07603 Antonio Shoals,South Davidview,Aruba,09/30/2023
197,Adam Davis,morajamie@example.org,(450)512-4955,07/29/1972,90833 Jackson Throughway,Lake Coreyborough,Uruguay,08/11/2025
198,Karen Wolfe,scottrosario@example.org,(466)938-3615x171,11/06/1997,480 Mark Crescent Suite 479,Gloriamouth,Czech Republic,10/27/2025
199,William Patterson,jacobsonleah@example.net,(820)371-6781x126,06/17/1976,53539 Martinez Villages,Hardyview,Serbia,12/09/2025
200,Nicole Owen,qkelly@example.net,(278)342-7114x7732,12/27/1984,70269 Hernandez Road,Port Charleshaven,Seychelles,07/23/2025
201,Christina Bates,iwagner@example.com,+1-880-906-1675,07/03/2001,02842 Jordan Inlet Suite 719,Kellerside,Montserrat,06/18/2025
201,Christina Bates,iwagner@example.com,+1-880-906-1675,07/03/2001,02842 Jordan Inlet Suite 719,Kellerside,Montserrat,06/18/2025
202,Scott Hunter,lbaker@example.com,+1-254-750-0902x559,05/30/1982,65565 Donna Gateway Apt. 491,Port Kevinmouth,Chile,07/20/2023
203,Amanda Barrett,abradley@example.com,3799056965,10/06/1966,357 Jackson Hills,Taraborough,Luxembourg,03/03/2026
204,Rachel Pittman,karlwilliams@example.net,(839)519-1954x1987,10/03/1999,48468 Gonzalez Locks Suite 987,North Courtney,Maldives,04/04/2024
205,Christy Hayden,oadams@example.net,+1-869-808-3572x324,10/13/1968,36442 Mcdaniel Freeway Suite 312,North John,Sweden,10/14/2024
206,Justin Graham,harrisjoseph@example.org,348-820-7001x594,07/15/1964,162 Daniel Street Apt. 898,Tylerland,Dominica,01/06/2026
207,Robert Murphy,vshaffer@example.org,(732)312-3476x49078,04/28/1961,673 Suarez Drive Suite 754,Lake Tammyton,Tajikistan,04/13/2026
208,Amy Lowery,johnnycruz@example.net,001-551-683-7606x441,05/14/1968,75604 Madeline Overpass,Mclaughlinmouth,Saint Barthelemy,04/06/2025
209,Samantha Holloway,william56@example.net,001-785-370-0272x0634,03/16/1981,38296 Hayes Well,West Glenn,Nauru,11/09/2024
210,Christina Perry,phillipbennett@example.net,600.489.3173,12/02/1974,9694 Christopher Land,New David,Saint Barthelemy,09/13/2025
211,Thomas Chavez,twilson@example.org,544.676.2639,06/17/1996,2620 Cherry Freeway,Solomonstad,Myanmar,05/17/2026
212,Angelica Harrison,terri63@example.net,(269)241-1800x5375,07/27/2003,964 Lambert Curve Apt. 924,New Trevor,Guadeloupe,06/16/2025
213,Evan Moreno,jorgeedwards@example.org,945.464.4948x5625,03/09/2003,32032 Thomas Estates Suite 617,South Michaelside,Libyan Arab Jamahiriya,05/31/2025
214,Ryan Camacho Jr.,harrisjustin@example.org,001-584-999-3908x9261,03/06/1979,0416 Garza Coves,Ericland,Kuwait,04/09/2026
215,Mark Adams,riverabradley@example.net,859.323.0450x189,12/24/1995,2361 Melissa Estates Suite 642,West Travischester,Saint Pierre and Miquelon,10/13/2024
216,Lindsey Howard,collierwilliam@example.com,867.849.9616x592,04/05/1965,85732 Rose Rue,West Taylorland,United States of America,06/30/2025
217,William Sutton,mckenzie86@example.com,001-808-310-8186,10/08/1974,945 Richards Trafficway Apt. 172,Port Phillip,Belize,03/27/2025
218,Elizabeth Matthews,ctodd@example.net,252-832-1941x680,12/31/1993,27769 Turner Via,Hannahfurt,Spain,10/02/2024
219,Chad Lee,hortonjacob@example.org,972.436.8314,03/11/1960,0122 Maynard Mountains Apt. 793,West Ashley,Syrian Arab Republic,02/17/2025
220,Adam Mccoy,fpetty@example.net,001-998-540-7678,01/10/1995,069 Tran Grove,Smallville,Lithuania,02/11/2026
221,Hannah Terry,martinjessica@example.com,(873)783-9597x246,10/17/1983,93417 Glen Estate Suite 167,Jimmyside,Australia,07/18/2023
222,Dean Rhodes,mariakline@example.org,956-619-3183,10/26/2000,0842 Jasmine Mill Suite 119,Port Annahaven,Bosnia and Herzegovina,03/05/2024
223,Shelby Bartlett,,712.655.2137x6037,08/04/1985,45653 Karen Pines,Cobbberg,Spain,04/16/2025
224,Jason Ellis,sherry72@example.org,001-481-215-5626x060,12/13/1997,6845 Smith Harbors Apt. 673,Terryfurt,Singapore,04/21/2024
225,Angela Medina,vhardy@example.org,684.531.8848x52008,08/30/2003,681 Mckenzie Green Suite 101,Evanstown,Korea,11/27/2024
226,Dr. Virginia Cunningham,michaelmitchell@example.net,001-526-783-1589,11/20/1973,26611 Roger Curve Suite 371,Ericafurt,Namibia,11/04/2025
227,Jennifer Baker,cfields@example.net,962.928.2772x8813,01/13/1977,285 Carolyn Lodge,North Mikeport,Armenia,09/09/2025
228,Jacob Ritter,kelly02@example.org,001-360-744-3270,08/14/1986,67949 Mccullough Tunnel,Alvarezberg,Serbia,01/21/2024
229,Julia Cole,uhernandez@example.com,299-966-3658,07/13/1979,120 Hoffman Crossing Apt. 398,New Aimeefort,Macao,07/18/2023
230,Timothy White,hilljamie@example.net,001-971-289-5690,03/31/1965,2608 Reyes Course Apt. 182,Douglasview,Seychelles,11/06/2023
231,Tristan Gregory,mendezmark@example.org,001-204-561-5265x461,06/20/1965,937 Avery Grove,West Stevenchester,Bahrain,07/11/2025
232,Mark Mcintyre,adamstabitha@example.net,538-424-9671,02/19/1988,238 Ali Point Suite 007,Deniseburgh,Afghanistan,09/21/2023
233,Karen Harper,okidd@example.org,001-384-802-8914,02/16/1965,84639 Henson Junctions,Tiffanymouth,Faroe Islands,07/06/2024
234,Erica Clark,allen20@example.net,900.326.8768x1180,07/01/1964,9562 David Land Apt. 703,Port Juanstad,Congo,11/06/2023
235,Lori Stokes,jimsnyder@example.com,6479930361,10/10/2002,399 Cameron Crossroad,East Jordanshire,Togo,06/08/2024
236,Monica Hill,braunheather@example.net,+1-948-970-6056x641,02/10/2005,030 Hull Place Suite 506,West Christopher,Montserrat,07/29/2023
237,Courtney Norris DVM,jamesmurphy@example.org,+1-710-276-0954x3173,02/14/1974,319 Duran Road Suite 911,North Nicholasland,Slovenia,01/04/2024
238,Robert Brown,rjones@example.org,+1-204-966-1963,02/06/1965,6991 Curtis Spring Apt. 785,North Curtis,Nepal,10/02/2023
239,Sara Strong,danascott@example.com,797.623.2002x4968,07/23/2005,74954 Cordova Path,North John,Svalbard & Jan Mayen Islands,11/05/2025
240,Jennifer Gonzalez,danielleharris@example.org,337-979-5995x94652,03/10/1967,3033 Hanson Garden,Navarromouth,Sri Lanka,01/23/2025
241,Clinton Fritz,alejandro50@example.net,524-573-9500,09/02/1976,34258 Gregory Brooks Apt. 410,South Diana,Turks and Caicos Islands,12/09/2023
242,Daniel Bryant,lisa28@example.net,(211)522-3386x55963,02/23/1966,53042 Clark Common Suite 912,Potterhaven,Holy See (Vatican City State),08/02/2025
243,Cassidy Marquez,fbaldwin@example.com,696-890-3337x363,02/04/1966,254 Dennis Corner Suite 785,New Blake,Malaysia,02/08/2026
244,Jerry Reynolds,linda54@example.com,3276341514,02/06/1981,11508 Matthew Spring,Johnview,Comoros,01/13/2026
245,Dr. Nicole Singh DVM,carrillojuan@example.com,(969)907-8263x3373,03/22/1996,53663 Cole Point Apt. 529,West Sherry,Algeria,08/04/2025
246,Sandra Morgan,wsimmons@example.com,001-884-859-0902x25999,10/03/1970,1863 Rodriguez Port,Fowlerport,Bermuda,03/12/2024
247,Juan Johnson,mjohnson@example.org,(743)834-8170x5802,02/01/1982,12867 Paul Way Apt. 234,Meyersfort,Cayman Islands,01/12/2026
248,Emily Harris,ahill@example.org,216.393.8597x779,07/26/1963,754 Austin Valleys Apt. 632,Ellisburgh,Qatar,11/19/2025
249,Michael Williams,joshuafuller@example.com,+1-413-676-8151x18567,05/10/1967,070 Danielle Spring,Jamesfurt,Togo,04/16/2024
250,Adam Wilson,markgoodman@example.com,311.483.7274x220,08/11/1997,86210 Hernandez Knolls Apt. 308,South Heather,Taiwan,03/02/2026
251,Margaret Moran,myerskyle@example.org,+1-200-263-3533x106,05/19/1988,13122 Robert Coves Suite 583,New Randall,Japan,12/24/2023
251,Margaret Moran,myerskyle@example.org,+1-200-263-3533x106,05/19/1988,13122 Robert Coves Suite 583,New Randall,Japan,12/24/2023
252,Brian Morris,moralesleslie@example.com,573.814.9501,05/24/1983,718 Johnathan Court Suite 625,Lake Kathleen,Portugal,10/25/2024
253,Mary Jones,franklinbrenda@example.com,338.290.3091x43639,04/29/1978,7432 Harris Camp,Lake Carly,Yemen,05/09/2025
254,Erin Ramirez,meyertiffany@example.net,703-455-3380x3396,03/09/1988,017 Stephanie Center Apt. 321,New Ana,South Africa,05/02/2024
255,Blake Hardy,frank33@example.com,(993)344-9734,05/31/1981,6277 Wagner Street Suite 270,Simmonsland,Senegal,09/28/2024
256,Brittany Barber,oscar47@example.com,(789)971-5273x2300,10/30/1983,6567 Davidson Radial Apt. 601,Frederickburgh,Congo,04/27/2025
257,Patricia Walton,william75@example.net,4666337050,07/05/1995,243 Alexander Trail Apt. 669,New Reneechester,Chad,04/13/2025
258,Eric Ponce,uwillis@example.com,001-311-395-2436x40270,09/28/1971,646 Gregory Ferry Apt. 372,South Ashleyborough,Colombia,04/27/2024
259,Clayton Malone,tonya67@example.net,+1-512-914-1614x150,11/30/1986,100 Walton Avenue Apt. 138,South Carrieview,Venezuela,07/13/2025
260,George Jordan,,(266)390-5510x762,01/07/2001,357 Robertson Shore Apt. 050,Morganmouth,Philippines,05/10/2025
261,John Stevenson,baileysheila@example.com,+1-616-949-3289x80271,05/13/1988,1783 Jason Terrace,North Ryantown,Central African Republic,11/08/2024
262,Pamela Robinson,elizabeth12@example.net,+1-571-553-9915x6686,07/05/1966,41115 Julie Crescent Suite 256,West Bryanside,Comoros,02/11/2025
263,Emma Diaz,aprilguzman@example.org,960-987-5243,11/01/1960,420 Parker Spurs,West Wendyshire,Lesotho,02/24/2026
264,Kathleen Padilla,zbrown@example.com,(233)802-7642,02/11/2001,7566 Allison Haven Suite 386,East Marcusshire,Tonga,09/12/2023
265,Michelle Ellis,barbararamos@example.com,223-333-0591x2662,12/20/1968,2018 Watkins Drive Suite 301,South Tracy,Portugal,01/01/2026
266,Marissa Bennett,stricklandmichelle@example.net,(947)650-1111x7830,07/28/1966,267 Evans Crossroad,West Bryanside,Colombia,03/10/2025
267,Alicia Hawkins,lbrown@example.net,001-213-412-9208x751,02/14/1979,218 York Bypass,North Williamstad,Mayotte,03/12/2024
268,Tony Smith,brandon84@example.net,+1-572-397-5859,05/20/2005,03243 Carrie Forge,Joshuachester,Belarus,10/21/2025
269,James Mckee,qbryant@example.net,(728)831-4359x89262,10/17/1983,93141 Gabriella Lodge Apt. 515,Kimberlyberg,Trinidad and Tobago,06/04/2024
270,Brent Petty,nicholasgarcia@example.org,(684)697-1859,11/19/1971,25625 Woods Crossroad,Alberthaven,Rwanda,02/16/2024
271,Brenda Bradley,brian53@example.net,+1-567-627-5784x468,04/24/1991,6511 Jessica Course,New Brian,Samoa,09/06/2024
272,Katherine Baxter,urhodes@example.org,578.281.6093x0685,03/04/1966,83215 Willie Center Suite 762,Taramouth,United States Minor Outlying Islands,05/09/2026
273,Joshua Miranda,robertstimothy@example.com,909.263.4807,11/30/1981,97545 Adam Stravenue Apt. 650,South Travisland,Marshall Islands,08/26/2025
274,Jennifer Gentry,moorediane@example.org,465.745.6284x1772,02/24/1993,53134 Dennis Manor Suite 023,Moyerview,British Indian Ocean Territory (Chagos Archipelago),04/04/2025
275,Jon Maldonado Jr.,vshaw@example.com,(511)202-2580,07/26/1985,9067 Campbell Corner Suite 392,East Juan,Brazil,08/02/2024
276,Danielle Hoover MD,hayneswayne@example.org,592.431.2604,02/25/1974,93106 Warren Squares Apt. 356,Brownchester,Norway,09/08/2023
277,Derrick Ramirez,jennifer35@example.org,(300)805-3474,04/24/1999,7554 Collin Bridge,West Michael,Sudan,01/01/2025
278,Leah Jacobs,debraclark@example.com,912-391-0933,02/20/1987,954 Mayo Flats,North David,Italy,10/22/2025
279,Stephanie Malone,patricia71@example.com,476-688-0294,09/13/1960,036 Cohen Ways,East Samuelhaven,Hungary,11/09/2025
280,Jennifer Nelson,adamarmstrong@example.net,001-308-478-8443x448,11/10/1986,83402 Ho Groves,Lake Tinaborough,Martinique,12/17/2023
281,Gregory Jacobs,mark84@example.net,(669)445-0053,04/17/1969,89164 Lisa Forges Suite 439,Moorebury,Saint Lucia,04/24/2025
282,Steven Davis,stephenochoa@example.org,897.524.0422,01/18/1972,16376 Jennifer Dam,New Coryfurt,Angola,12/07/2023
283,Pamela Newman,andersonkayla@example.com,(490)901-8513,09/23/1983,45723 Amy Grove Apt. 001,Curtischester,Cambodia,06/21/2023
284,Allison Simmons,michaelmitchell@example.net,(717)321-3145x1951,05/10/1970,226 Greene Springs,Hernandezport,Nigeria,09/07/2024
285,Brian Hendricks,sarah10@example.org,001-725-426-7711x96421,08/08/1969,5576 Steele Loop,Devonbury,Hungary,03/31/2025
286,Kimberly Vasquez,patrickcarpenter@example.com,293.713.5030x58721,12/11/1973,47286 Jason Fork Apt. 212,Quinnchester,Holy See (Vatican City State),09/12/2023
287,Mary Jones,anthonydiaz@example.org,610.996.2272,06/07/1984,570 Rodriguez Circle Apt. 928,North Randy,Jamaica,05/11/2026
288,Jordan Dawson,samantha84@example.net,862.241.8623,04/11/1985,2891 Woods Shoal,Wilcoxburgh,Austria,01/17/2025
289,Chloe Rodriguez,coxkimberly@example.com,2346281139,11/23/1978,303 Miller Port,New Valeriefort,Aruba,09/02/2023
290,Tony Smith,karen68@example.org,965-221-5681x82096,10/05/1990,27113 Lindsey Shoal Apt. 288,Sethberg,Guadeloupe,09/13/2024
291,Scott Jordan,nallen@example.net,329-971-0248,04/07/1978,5242 Joshua Lakes,Christopherburgh,Russian Federation,06/04/2025
292,John Scott,isantos@example.org,001-970-754-6692,09/07/1983,1687 Rich Springs Apt. 903,East Melissaport,Honduras,02/20/2024
293,Sarah Walker,wcaldwell@example.com,387.711.2166x365,05/05/2005,737 Joshua Camp Apt. 723,Ashleyfurt,Bahamas,01/01/2025
294,Veronica Lewis,mirandacisneros@example.net,(544)621-2146x14768,10/30/2003,16542 Michael Manor,Alvarezburgh,Qatar,04/28/2025
295,Michael Price,hoffmanpatricia@example.org,499-925-5027,07/12/1982,64807 Cynthia Route Apt. 033,Hortonburgh,Netherlands Antilles,01/26/2025
296,Daniel Lee,woodmichael@example.com,381-477-6655x8685,07/22/1964,5289 Amy Light Suite 649,North Lindaville,Benin,03/25/2026
297,Timothy Garcia,,+1-846-833-7861x37157,04/12/1968,3844 Parker Underpass,Nuneztown,United Arab Emirates,03/24/2025
298,Alexander Gibbs,matthew96@example.org,+1-863-496-0962,12/31/1997,8263 Jennifer Crossroad Apt. 964,West James,Bermuda,07/29/2023
299,Mark Watkins,montgomeryamy@example.org,001-660-527-5233,10/27/1984,640 Miller Divide,Lake Traciville,Bouvet Island (Bouvetoya),06/02/2025
300,Barbara Thomas,patricia11@example.com,(836)717-0617x136,12/15/1963,24029 David Junctions Suite 799,East Aimeeview,Vanuatu,12/25/2023
301,Allen Johnson,javierdiaz@example.org,5523312447,04/26/1960,847 Graham Locks Apt. 423,Suzanneville,Myanmar,12/18/2025
301,Allen Johnson,javierdiaz@example.org,5523312447,04/26/1960,847 Graham Locks Apt. 423,Suzanneville,Myanmar,12/18/2025
302,Robert Mckay,chamilton@example.com,+1-345-991-9663x955,12/03/1989,84964 Sanders Crescent,Port Marcus,Somalia,04/03/2024
303,Benjamin Sandoval,dustin51@example.org,505-337-9538x16493,09/26/1971,919 Fleming Mews Suite 533,Port Troyton,Falkland Islands (Malvinas),04/04/2025
304,Jesse Guzman,byoung@example.com,2907742608,07/02/1983,71644 Molina Locks,New Kimfort,New Zealand,09/01/2023
305,Michael Gibson,cameronsharon@example.org,4303021563,06/30/1974,580 Jordan Tunnel,North Brandonport,Belarus,08/02/2024
306,Lonnie Burnett,holly29@example.com,525-929-6718,08/22/1999,5731 Miranda Station Apt. 583,Lake Christian,Lithuania,09/21/2023
307,Michael Mcdonald,glopez@example.com,398.485.4728,05/15/1998,6798 Kimberly Field,West Rodneyport,Zambia,12/02/2025
308,Bridget Walter,allenpatricia@example.org,507-487-5418x156,11/12/1960,685 Scott Land Apt. 066,West Jaime,Christmas Island,12/28/2025
309,Lawrence Stone,maldonadodebbie@example.org,310.609.4318,01/13/1970,666 Jeffrey View,Tylerburgh,Solomon Islands,05/01/2024
310,Dwayne Carlson,daviswesley@example.net,+1-274-932-5122x572,10/01/1966,0241 Erin Walk Apt. 957,South Morganfort,Bouvet Island (Bouvetoya),08/29/2023
311,Latoya Mooney,aliciajackson@example.org,001-211-745-7758x47457,05/16/1973,589 Rodriguez Spur Apt. 263,West Tyler,Ecuador,12/03/2025
312,Valerie Howard,leestephanie@example.net,848-878-2455,03/26/1963,3098 Flowers Crossing Suite 795,Danieltown,Luxembourg,05/19/2026
313,Michael Mills,cindy24@example.com,214-807-0349x1074,02/14/1993,004 Michael Haven Apt. 142,South Brenda,Belgium,09/13/2024
314,John Gomez,ghenderson@example.com,594-629-6592x3426,04/14/1973,49782 Patton Village Suite 128,Bensonhaven,Vietnam,05/19/2026
315,Julie Patterson,dali@example.org,+1-706-412-9439,07/23/1998,62607 Combs Corner Apt. 415,Port Kellyfort,Portugal,11/15/2024
316,Barbara Richards,mileszachary@example.net,001-272-432-4407x9311,06/08/1971,133 Thomas Village,Myersville,French Southern Territories,03/09/2025
317,Mr. David Abbott,lorraine79@example.org,(320)922-3288x37744,10/02/1963,466 Steven Via Suite 204,Wilsonfurt,Algeria,12/07/2025
318,Matthew Barry,wwilliams@example.org,374.402.5883x586,08/28/1987,9572 Glover Shoals,Sandraland,United States Virgin Islands,03/18/2026
319,Dr. Larry White,david59@example.net,(999)761-0023x117,09/17/1992,312 Campos Manor,North Cherylville,Argentina,10/11/2023
320,James Welch,mcleanmanuel@example.net,562.498.3347x743,07/31/1963,319 Crystal Skyway Apt. 302,West Kimshire,Mayotte,10/09/2023
321,Michael Rosario,nlee@example.net,385.459.8217x6619,02/06/1992,17309 Johnson View Suite 465,Port Monicaport,Belarus,09/27/2025
322,Sarah Frederick,reginald08@example.net,597-740-0564,11/05/1978,38503 Jones Port,West Tinachester,Netherlands Antilles,01/26/2026
323,Stacy Mendoza,josephwilliams@example.org,883.256.7430x0038,05/21/1982,66266 Darrell Crest Suite 535,Hullbury,Djibouti,11/09/2023
324,Crystal Burgess,ritteralexis@example.net,701.702.7240,03/22/1969,2967 Diane Club,Shawnaborough,Lithuania,06/19/2026
325,Heather Herman,scottturner@example.com,001-984-638-4588x10569,09/24/1991,28348 David Stream,North Tiffany,Qatar,05/03/2025
326,Jordan Wilson,rhuff@example.com,001-264-810-4967,06/16/1996,0336 Donna Place Apt. 408,Sharonmouth,Uzbekistan,07/31/2024
327,Leslie Todd,jessica96@example.com,001-401-886-4876x9984,11/12/1973,320 Marsh Harbor Apt. 384,Ashleyton,Nicaragua,08/19/2024
328,Matthew Patton,martinezashley@example.com,527-870-7070x578,03/28/1981,149 Ashley Mill,West Katie,Falkland Islands (Malvinas),07/27/2024
329,Bethany Mccoy,monicadouglas@example.org,502-287-9508,07/30/1974,0580 Michael Club Suite 181,East Mark,Holy See (Vatican City State),05/12/2026
330,Martin Liu,angellawson@example.com,365-574-9025x04290,11/19/1975,895 Nicholas Prairie Apt. 261,East Arianashire,Norfolk Island,10/18/2025
331,Kimberly Martinez,lawsondonna@example.net,754.339.4353x537,12/27/1996,6515 Robin Shoal,Jacobsmouth,Solomon Islands,03/31/2025
332,Ronald Hatfield,kimberlyrussell@example.net,+1-929-544-5511x66829,03/23/1962,0216 Cannon Station,Newtonberg,Trinidad and Tobago,08/11/2023
333,Allison Jackson,andersonmichelle@example.com,(252)368-3415x59991,02/03/1976,6764 Graves Street Apt. 981,North Brittney,Heard Island and McDonald Islands,05/01/2026
334,Jamie Gonzales,,450.498.8986x4565,10/20/1989,368 Andrews Ridges,Coryport,Chad,12/21/2023
335,John Walker,keithhardin@example.net,001-513-242-1388x20908,12/08/1996,53496 Meyer Village Suite 411,Onealfort,Estonia,11/01/2023
336,Wendy Dennis,schmittlinda@example.net,315.728.5478,04/06/1982,1853 Stacy Road,East Derrickfurt,Tunisia,05/27/2024
337,Deborah Hernandez,jessicacampbell@example.org,+1-818-630-6178x9320,12/08/1983,935 Moreno Falls Suite 347,Roblesfurt,Netherlands Antilles,12/25/2024
338,Elizabeth Robinson,robert75@example.org,+1-561-227-5156x27796,04/13/1974,8360 Green Island Suite 676,Greenton,Ethiopia,07/13/2025
339,Gina Cardenas,seth39@example.org,+1-231-299-5298,09/12/1969,55810 Michael Flat Apt. 863,Lauriestad,Greenland,03/23/2025
340,Nicholas Case,brucekari@example.net,586-570-2440,04/27/1994,1662 Atkins Club,New Jenniferchester,Angola,07/12/2023
341,Kimberly Ellison,fitzgeraldlaura@example.org,+1-945-868-0447x314,06/22/1963,1368 Webb Squares Apt. 607,Beanside,Rwanda,12/05/2023
342,Kenneth Johnson,sergiowoods@example.org,+1-445-821-1823x7931,03/24/2002,930 King Inlet Suite 205,Savageview,Portugal,05/10/2024
343,Rebecca Gardner,susan35@example.com,001-378-481-1616x202,12/15/1979,1067 Connie Pine,Taylorside,Italy,03/01/2025
344,Bruce Forbes,alexandra95@example.net,+1-522-748-3958x9477,11/26/1977,87056 Edward Cliff,West Jacquelineborough,Puerto Rico,11/12/2023
345,Erin Brown,ewheeler@example.com,+1-883-650-3446x9459,04/18/2001,92134 Jose Cove,Port Alexa,Oman,02/03/2025
346,Raymond Vargas,tammy97@example.org,(903)231-9222,05/15/1991,02876 Murphy Parkway Apt. 386,Schroederfort,Guinea,10/16/2024
347,Emily Miller,stephaniedougherty@example.com,001-226-787-7418x652,05/19/1987,563 Patrick Fall Apt. 375,North Brenda,Greenland,11/13/2023
348,Sydney Shaw,lawsonarthur@example.com,+1-476-904-4090x7977,06/01/1980,50922 Christopher Village,North Scottton,Germany,11/18/2023
349,Diamond Phelps,cookemily@example.com,001-429-658-0660x138,12/31/1979,70493 Thompson Summit,West Joshuastad,British Indian Ocean Territory (Chagos Archipelago),12/01/2024
350,Russell Miller,fdavis@example.org,001-612-559-0203x5713,02/14/1962,0642 Taylor Island,Perezborough,Faroe Islands,04/24/2024
351,Edward Wolfe,christopher59@example.com,(787)620-9628x936,04/29/1977,8841 Jonathan Mountain,Anthonyville,Maldives,04/07/2026
351,Edward Wolfe,christopher59@example.com,(787)620-9628x936,04/29/1977,8841 Jonathan Mountain,Anthonyville,Maldives,04/07/2026
352,Karen Mcdonald,nathan69@example.org,915-402-6755x12542,09/30/1995,9799 Simon Mountains,West Jennifer,Netherlands Antilles,11/25/2024
353,Mr. Andrew Hickman,kathrynsantana@example.net,466-649-6902,06/13/1989,225 Tara Inlet,Port Michael,Indonesia,03/02/2024
354,Matthew Gonzalez,kevinmiller@example.org,461.732.8507,12/29/1984,8637 Guerra Squares,Port Sabrina,Iceland,01/05/2024
355,Timothy Ross,rachael69@example.com,+1-515-779-0392,03/24/1966,8099 Melendez Rue Apt. 273,East Kevinland,Guadeloupe,02/05/2025
356,Jessica Mitchell,eleonard@example.org,262-426-8171x516,01/15/1985,98670 Valdez Skyway Suite 604,Greenville,Netherlands,05/19/2025
357,Priscilla Joseph,daniel26@example.net,001-961-620-5943x89760,07/03/1991,77509 King Junction,Katietown,Mauritius,08/08/2024
358,Howard Smith,kenneth09@example.org,(808)663-2181x227,09/13/2005,9389 Williams Islands Suite 029,South Williamland,Guadeloupe,03/05/2026
359,Jenny Johnson,jennifer16@example.org,794.949.8830,11/09/1995,4248 Cassandra Falls,Josephchester,Cote d'Ivoire,07/19/2023
360,Mary Hill,ogeorge@example.com,933-805-3194,09/16/1989,678 Matthew Island Suite 727,Clarkburgh,Peru,02/14/2025
361,Andrew Phelps,welchanna@example.com,238-454-4577,06/23/1962,596 Forbes Brooks,Angelafort,Dominica,01/22/2025
362,Bonnie Lawson,davisjeffery@example.org,001-842-626-8653,05/07/1970,1588 Perez Lodge Suite 747,Port Gregory,France,06/25/2023
363,Felicia Marshall,francesgarcia@example.net,+1-866-263-0932x9981,06/08/1983,329 Cohen Land Apt. 968,Port Robin,Kuwait,01/13/2025
364,Cynthia Kennedy,marcuscarter@example.org,997.373.9732,01/08/1976,37100 Camacho Mountains Suite 164,Lake Kimberlyside,Rwanda,07/26/2023
365,Ronald Brown,uclayton@example.org,(768)876-1124x912,10/25/1983,37341 May Cliffs Suite 734,Kennethmouth,Greenland,05/19/2025
366,Laura Wheeler,earlroberts@example.org,(495)444-2947x742,06/07/1963,4303 Hernandez Bridge Suite 588,Woodsburgh,Guatemala,03/16/2026
367,Samuel Edwards,nicholas72@example.net,327.560.1534x3324,09/22/1969,7908 Judith Lakes Apt. 615,West Angelaside,Tanzania,10/02/2025
368,Tracy Brown,johnrobles@example.org,001-333-472-0948x413,12/26/1998,33399 Marshall Plain Apt. 513,Wilsonland,Lebanon,04/21/2024
369,Kevin George,ashley96@example.org,001-773-999-7046x9472,01/05/1991,448 Matthew Springs Suite 712,Smithhaven,Latvia,07/29/2025
370,Austin Reynolds,cody75@example.net,+1-682-531-3348x45871,02/21/1988,2362 Chelsea Estate,Suefort,Palau,12/30/2025
371,Penny Adams,,855-757-4696x6060,02/24/1999,4033 Phillips Landing,West Ronaldfurt,Greece,11/02/2025
372,Christina Lewis,ggates@example.org,525.679.7067,11/18/2005,10548 Kim Haven Apt. 721,Tiffanychester,Sweden,02/10/2024
373,Leslie Andrews,gonzalesmark@example.net,001-948-584-0215x57325,05/17/1970,5344 Donald Row Suite 667,Port Allisonhaven,Holy See (Vatican City State),07/15/2023
374,Whitney Moyer,kristy74@example.net,511-391-8182x81979,07/23/1994,7725 Hunter Ports Suite 786,South Autumntown,Nigeria,02/14/2025
375,Danny Simmons,melissa95@example.net,239.259.2323x421,01/19/1977,515 Hebert Shoals,East Kevin,Jamaica,08/14/2024
376,Thomas Barton,taylorrachel@example.com,860-573-6077,11/07/1982,9112 Frank Fords,South Joystad,San Marino,10/24/2024
377,Daniel Davis,timothy81@example.com,3068661554,12/25/1963,16704 Williams Vista Apt. 290,New Eric,Puerto Rico,06/18/2025
378,Amy Lang,nathan62@example.com,(928)522-5120,02/13/1999,5495 Krista Isle Apt. 702,Williamsfurt,Serbia,01/04/2026
379,Carolyn Garcia,phyllis16@example.org,677-968-7290,02/25/1960,2585 Tim Summit Apt. 238,Port Sheri,Czech Republic,04/09/2026
380,Brandon Powell,wrightjohn@example.net,+1-245-879-8894x25652,09/04/1977,20203 Randy Branch,Webbstad,Comoros,02/20/2026
381,Tricia Sullivan,shawnbaker@example.com,948-355-2457,09/03/1992,415 May Plains Apt. 137,North Andreaport,Brunei Darussalam,12/11/2024
382,Jeffrey Joyce,burchteresa@example.org,(283)723-0358x9298,09/10/1998,825 Craig Expressway,Port Sarah,Saint Barthelemy,02/11/2024
383,Tina Coleman,joshuahaley@example.com,668-567-7524x0148,04/11/1966,62272 Peter Estate,Myersborough,Egypt,12/15/2024
384,Victor Hill,vmartinez@example.net,+1-923-572-4501x84819,08/15/1989,1897 Chad Throughway Suite 406,Danielmouth,Japan,12/14/2025
385,Michael Glenn,oblake@example.net,219-395-3766,02/29/1988,448 Barnes Villages Suite 510,Lake Lindabury,Myanmar,07/27/2025
386,Jeffrey Baker,kcastro@example.com,+1-786-809-1919x113,03/07/1971,057 Berry Pike Apt. 660,New Henry,Norfolk Island,11/12/2024
387,Thomas Pham,qatkinson@example.com,+1-755-834-7057x42388,12/10/1986,71559 Leslie Inlet Apt. 165,Fowlerfurt,Cook Islands,08/04/2024
388,Karla Rogers,whuang@example.org,(650)413-9488,06/30/2005,131 Jennifer Wells Suite 425,Randyfurt,Bosnia and Herzegovina,09/18/2024
389,Tricia Nguyen,scottwilliams@example.net,(540)473-3337,09/30/1987,3097 Perry Plaza,South Jacob,Maldives,12/08/2025
390,Kenneth Barrera,tfrancis@example.com,465-353-5851x253,08/21/1996,519 Jennifer Stravenue Apt. 749,South Christinefort,Nauru,04/27/2025
391,Zachary Johnson,dhansen@example.com,821.551.4940x9762,04/06/1989,8453 Thomas Plains Suite 090,Brianaland,Nicaragua,09/26/2023
392,Monica Oconnor,tinaayala@example.org,(807)815-1169,02/06/1996,725 Cody Knoll Apt. 647,East Jorgeborough,Denmark,12/16/2024
393,Miss Gina Walton,andrew90@example.net,8516208005,07/11/1986,951 Jacob River,Whiteborough,Guatemala,11/17/2023
394,Susan Greene,patriciamccarthy@example.org,427.309.0814x41529,06/02/1971,92957 Bowers Crescent Apt. 535,East Susan,Liechtenstein,04/07/2024
395,Amanda Brown,qcochran@example.net,001-691-781-5899x88683,03/18/1977,3466 Bennett Overpass,South Damonside,Liberia,01/22/2026
396,Jonathan Hartman,kelli08@example.org,214.299.8250,09/20/1997,3580 Rodgers Pine Apt. 850,North Stephen,Colombia,05/29/2024
397,Angel Harris,ashleyaustin@example.org,(431)440-3526x3560,01/05/1994,469 Harris Wells,Roberttown,Israel,03/23/2025
398,Ryan Lopez,aking@example.net,001-460-772-3111x271,08/12/1975,464 Mitchell Port,Danielville,Indonesia,04/28/2024
399,Kristen Jimenez,apriljohnson@example.com,813-706-2113,12/31/1986,279 Elizabeth Parkway Apt. 350,East Matthewview,Uruguay,03/18/2024
400,Curtis Schneider,sjames@example.net,532-635-7071,06/06/1996,85011 Holmes Brook,Lake Sarah,Heard Island and McDonald Islands,08/18/2023
401,Brian Hall,dsmith@example.com,001-891-930-9810x79649,01/14/1960,794 Baird Roads,Mendozaberg,Korea,09/30/2025
401,Brian Hall,dsmith@example.com,001-891-930-9810x79649,01/14/1960,794 Baird Roads,Mendozaberg,Korea,09/30/2025
402,Courtney Mitchell,sylviaprice@example.com,(550)864-2076,04/06/1987,536 Stephenson Mount,Wallacefurt,Kyrgyz Republic,01/04/2025
403,Maurice Anderson,johnmarquez@example.net,895.478.6543,09/27/1985,87496 James Junction Apt. 686,South Andrew,Costa Rica,02/08/2025
404,Carrie Terrell,danielleandrews@example.org,(265)373-2759,11/09/1978,00051 Huynh Knolls,Lake Edward,Croatia,10/09/2024
405,Heidi Blankenship,talvarez@example.org,941-682-2261x8962,07/26/1998,27102 Kennedy Neck,Port Andrew,Portugal,01/02/2025
406,Lauren White,wallerstacey@example.net,(551)751-2294x621,11/28/1988,159 Smith Ramp Suite 254,New Juan,Mali,07/26/2023
407,Taylor Williams II,jose65@example.org,871-558-0290x904,09/18/2001,6046 Richardson Passage Suite 652,Jenniferside,Congo,07/18/2025
408,Bradley Cole,,402-513-1251,08/20/1999,00591 Brandi Well,Welchmouth,Solomon Islands,04/17/2026
409,Bryan Padilla,samanthahouse@example.org,710-563-3016,09/01/1999,79274 Scott Parkways Apt. 123,Douglasside,Morocco,04/09/2024
410,Michele Jones,melindaavila@example.org,(869)649-6843,03/04/1979,380 Campbell Estates Apt. 017,Raventon,Niger,04/18/2025
411,Phillip Moran,rowlandemily@example.com,001-959-719-4575,11/10/2005,7583 Brenda Canyon Suite 677,Sandrafurt,Kyrgyz Republic,06/10/2025
412,Charles Christensen,iherring@example.com,(826)950-6229x2310,06/14/2002,5307 Moore Village,Jeremyfort,New Caledonia,08/03/2025
413,Travis Moore,gomezdaniel@example.com,001-679-442-3873x670,03/23/1975,496 Carol Pines Suite 552,Annettefort,Bahrain,07/17/2023
414,Jason Clark,haley57@example.com,+1-559-553-2593,08/10/1967,705 Patrick Drive Suite 187,Morrisonview,Bangladesh,05/18/2025
415,Corey Carrillo,michaelstrickland@example.com,630.755.9782,06/17/1985,9833 Kenneth Circle Apt. 884,Port Nicholas,Reunion,07/06/2023
416,Dan Phillips,pearsonkathryn@example.org,(972)676-8297x514,01/26/1990,974 Brenda Islands,North Brianmouth,Micronesia,06/30/2025
417,Ethan Le,fullerdebbie@example.com,(259)404-5990,05/18/1968,12218 Shelby Freeway Apt. 555,South Matthewland,Lithuania,03/03/2025
418,Kelly May,jneal@example.org,272.214.3308,01/26/1981,0033 Stephanie Dam,Marcusfurt,Andorra,08/20/2025
419,Katherine Caldwell,cpierce@example.org,001-703-439-7051,11/06/1987,28094 Hawkins Pass Suite 239,Matthewmouth,Ukraine,07/28/2024
420,Matthew Hayes,pmorrison@example.net,663.721.0613x39439,02/26/1980,39438 Kyle Forge Apt. 537,Cortezmouth,India,01/09/2026
421,Tammie Castillo,laura31@example.net,900-890-0404,11/12/1977,05336 Jones Mall,West Kayleeville,Gabon,01/26/2024
422,Timothy Clay,davidfields@example.net,6726011379,03/21/1973,971 Jason Locks,Johnsonfort,Jersey,06/12/2025
423,William Ray,douglassusan@example.com,001-847-934-0433x700,03/11/1962,045 Carly Motorway,Stephensstad,Palestinian Territory,01/16/2025
424,Kimberly Flores,richard96@example.com,454.727.8656x194,02/23/1964,778 Pamela Junctions Apt. 958,Port Lauren,Burundi,05/04/2024
425,Jennifer Colon,mooneyamy@example.net,390-748-2357,12/19/1981,686 Barbara Summit Suite 137,Port Heather,Sao Tome and Principe,04/07/2024
426,Stephanie Costa,simpsonruth@example.net,536-443-8130x0041,08/17/2002,47165 Smith Ranch,Matthewstad,Cote d'Ivoire,10/03/2024
427,Kevin Mendoza,sheltontiffany@example.com,850-247-6816x99570,07/14/1966,74811 Jennifer Stravenue Apt. 765,New Tracey,Antigua and Barbuda,11/02/2024
428,Richard Bond,christinadavis@example.net,(690)887-1827,11/09/2000,9187 Rachel Hill,North Kelly,Greenland,04/12/2025
429,Christopher Monroe,timothywright@example.com,001-426-404-2359x73711,03/07/1997,990 Crawford Underpass,Smithhaven,Ukraine,06/01/2026
430,Joshua Barnes,ramirezangela@example.com,411-345-7683,06/11/1977,19237 Grant Neck,Port Dianashire,Isle of Man,12/16/2023
431,Crystal Hernandez,juliemyers@example.com,6804184980,06/13/1994,73377 Lewis Extensions Suite 881,Lake David,Malawi,01/31/2024
432,Andrea Palmer,knightjohn@example.com,+1-853-946-0605x6035,05/08/2004,279 Lucas Throughway,East Carol,France,07/31/2025
433,Jessica Johnson,hoffmanjanet@example.org,001-905-846-4754x89547,11/08/1995,5175 John Grove,Nancyhaven,Denmark,10/18/2024
434,Erika Allen,michaeltorres@example.com,764.549.6392x43588,11/20/1981,821 Little Ford Suite 275,South Todd,Faroe Islands,11/18/2025
435,Glenn Scott,kingtammy@example.net,(501)634-7789x4896,03/28/1973,7917 Hughes Crest,East David,Senegal,09/12/2023
436,Benjamin Rodriguez,david16@example.org,8905015944,06/30/1960,99948 Randall Drive,New Breannabury,Chile,02/04/2025
437,Luis Best,duncanchristina@example.com,311.236.3379x2234,07/24/1969,469 Griffin Fort,Port Christophermouth,Kenya,02/08/2024
438,Janice Gilbert,wjohnson@example.com,876.985.5078,02/21/1998,2196 Kristin Fords,West Michael,Falkland Islands (Malvinas),07/10/2024
439,Stephanie Gray,ryu@example.net,217.906.9556,08/19/1979,761 Scott Forks Suite 547,East Jeffrey,Myanmar,03/17/2026
440,Kiara Gonzalez,wernermichael@example.org,621-998-0418,10/12/1975,2642 Robert Expressway,East Monicaton,Montserrat,04/01/2026
441,Shelby Delacruz,keithharrison@example.com,(430)339-1114,09/04/2001,522 John Branch Suite 248,New Williamton,India,01/15/2024
442,John Bradford,michelleflowers@example.net,473-272-1329x016,07/03/1964,8768 Oneal Mountain Suite 996,Alexandrachester,Chad,08/09/2025
443,Beth Johnson,greenemichael@example.com,996-566-4505,05/10/1982,62792 Sanders Divide,East Rebeccaview,Libyan Arab Jamahiriya,03/01/2025
444,John Khan,danderson@example.org,(314)650-5766,11/20/1970,870 Jones Isle Apt. 482,North Dustinside,Faroe Islands,09/21/2023
445,Daniel Meyer,,859.254.5089x177,12/13/2000,65742 Kathleen Flat,New Patrickfurt,Cyprus,08/24/2023
446,Adam Anderson,ahudson@example.org,(489)943-0120x47137,12/18/1971,75957 Ray Plaza,Crystalmouth,Malta,02/16/2024
447,Sara Lawrence,linda33@example.org,(574)558-4760x94412,09/07/2001,2188 Gutierrez Locks,Knightport,Belgium,06/30/2024
448,John Hebert,hamptonsara@example.org,(866)526-7055x14377,06/19/1988,3439 Matthew Rapid Suite 961,North Christophertown,Canada,10/06/2025
449,Steven Michael,victoriasmith@example.org,6247559102,09/15/1999,91090 Kristine Lock,Rodriguezshire,French Guiana,01/31/2026
450,Andrea Salazar,calvinobrien@example.com,(781)479-3406,04/14/2005,5844 Butler Freeway Suite 533,Hernandezberg,Argentina,10/21/2023
451,Shaun Hernandez,umartinez@example.org,955-293-7661x8943,04/14/1998,63510 Maureen Unions Suite 627,Barrettfurt,Slovenia,11/03/2024
451,Shaun Hernandez,umartinez@example.org,955-293-7661x8943,04/14/1998,63510 Maureen Unions Suite 627,Barrettfurt,Slovenia,11/03/2024
452,Robert Mcgee,wbarrett@example.net,001-520-924-6175x202,01/02/2000,26005 Mcbride Landing Suite 017,East Dylan,Pitcairn Islands,04/08/2026
453,Natasha Hill,lpreston@example.net,+1-736-207-9848x704,04/12/1974,176 Sloan Rest Apt. 593,Bakerton,Svalbard & Jan Mayen Islands,06/10/2024
454,Lauren Foster,schmidtbilly@example.com,860.260.1488,08/02/2002,079 Amanda Plaza Suite 136,Gregoryborough,American Samoa,05/19/2026
455,Gary Sanchez,ismith@example.net,001-642-344-6263x2514,05/17/2000,10314 Daniel Mission,Davidside,Lao People's Democratic Republic,08/21/2025
456,Michael Ramirez,kellychristopher@example.org,(538)940-9112x2528,04/03/1983,56618 Lewis Field Suite 913,Grantmouth,Iceland,11/01/2024
457,Christina Williams,klopez@example.com,3553605712,03/07/1982,7885 Colleen Bypass,Johnside,Swaziland,04/11/2025
458,Scott Brown,elizabeth24@example.com,(645)661-8517,11/16/1984,04521 Sarah Rapids Apt. 511,Katrinamouth,Tuvalu,12/29/2023
459,Daniel Mcbride,brandoncollins@example.net,001-381-789-8484x16046,06/23/2003,021 Stacy Radial Apt. 170,Pachecofurt,Mauritius,12/03/2023
460,Kevin Hoffman,christopherjackson@example.net,001-810-273-2283,06/18/1981,378 Brian Forest Suite 384,Derekshire,Isle of Man,12/04/2025
461,David Chase,mannjonathan@example.net,401.269.3429x2913,08/20/1984,01623 Chung Ports,Lake Jasonville,Switzerland,06/05/2026
462,Brian Clark,dylanwong@example.org,(556)568-4732x365,06/18/1999,4604 Ryan Estate Apt. 078,Jamesville,Turkmenistan,09/08/2024
463,Douglas Simmons,kennedykathryn@example.org,001-875-643-7347,12/13/1966,3720 Deanna Lights,New William,Vietnam,01/30/2024
464,Nathan Boyd,nelsondominique@example.com,001-460-919-1344x3899,08/19/1985,05869 Smith Fields,North Jessica,Saint Helena,04/09/2025
465,Robert Willis,msantiago@example.net,001-251-767-9335,01/13/1981,3857 Ryan Points Apt. 119,East Robert,Aruba,05/03/2024
466,Joseph Rodgers,beckertheresa@example.com,001-323-633-5104x096,05/17/1984,15391 Linda Turnpike Apt. 074,Lake Katherine,Saint Lucia,06/29/2023
467,Katherine Gay,gclay@example.org,293.694.0655x78201,02/17/1990,23023 James Hill,Brownmouth,Czech Republic,02/05/2026
468,Bruce Barr,michaelsherman@example.com,+1-362-312-7602x50826,09/06/1988,12616 Holly Expressway,Jenniferside,Turks and Caicos Islands,05/06/2026
469,Stephanie Vargas,olivia29@example.net,+1-593-876-2974x54930,03/25/1967,8719 Laura Crossroad Apt. 381,Fostershire,Rwanda,01/16/2024
470,Christopher Liu,johnwilliams@example.net,+1-313-688-1588,05/31/1972,8220 Henry Villages Apt. 231,New Scott,Jamaica,02/28/2026
471,Nancy Morris,erinhaney@example.com,3003000152,07/13/1973,1785 Kristin Summit,Lake Edwardstad,Germany,01/28/2025
472,Rebecca Gordon,karen42@example.org,+1-329-498-7478,09/29/1980,8905 Harrison Parkways,Mcdonaldton,Netherlands Antilles,09/03/2023
473,Dean Sanchez,dana15@example.net,748.726.6913x62483,05/13/1994,4296 Angela Canyon,Brownborough,Dominican Republic,03/18/2025
474,Lisa Stevens,kristin09@example.net,222.610.4016x48188,09/16/1973,287 Gilmore Gateway Apt. 638,South Josephberg,Peru,09/29/2023
475,James Gregory,aimeebrewer@example.net,001-346-642-0362x5863,03/12/1979,70646 Michael Terrace Suite 402,Kramerstad,Guam,10/11/2025
476,Elizabeth Chung,barnettterry@example.com,(444)689-8803x15388,10/05/1965,279 Emily Junctions Apt. 404,East Sabrina,Cote d'Ivoire,12/22/2024
477,Joseph Matthews,fosterjeffrey@example.org,211-597-8718,03/21/1997,137 Dennis Row,Yvonneton,Turkmenistan,03/12/2025
478,Miranda Huber,uchang@example.com,578-268-8002,07/26/1996,156 Andrea Villages,East Haleymouth,Latvia,03/05/2026
479,Deborah Campbell,hornerebecca@example.org,+1-336-659-5201x491,09/07/1989,433 Moreno Junctions,New Donaldchester,Congo,03/11/2024
480,Brooke Lewis,charleshayes@example.com,761-514-0428x86050,10/19/2001,6608 Darren Crossroad Suite 003,New Nicolestad,Iceland,02/27/2025
481,Anita Pitts,hughesgail@example.org,331-923-4550x68826,04/20/1997,8293 Roberts Canyon Apt. 348,Port Allisonmouth,Slovakia (Slovak Republic),04/16/2024
482,David Roy,,(391)601-5709x085,08/02/1965,207 Aguilar Expressway Suite 999,Wangshire,Sri Lanka,01/23/2025
483,Mary Greer,hdavis@example.com,(385)696-9325,07/22/1978,499 Stephanie Field,East Marybury,French Polynesia,01/25/2024
484,Jessica Elliott,russellholly@example.net,526.717.6072x3483,09/10/1997,382 Mary Haven Apt. 561,Lake Ashley,Jordan,12/01/2024
485,Robert Bowers,wgarza@example.net,+1-926-841-8696x56130,12/10/1994,238 Duncan Terrace,West Meganview,Iran,10/08/2025
486,Kevin Mejia,connie00@example.org,530.308.6966x1016,10/02/1961,395 Brandon Circles,Roseview,Belgium,09/17/2024
487,Angel Rojas,chavezkim@example.net,939.676.2053x44077,02/15/1994,07266 Caitlyn Key Apt. 817,Livingstonton,Central African Republic,11/14/2025
488,Lindsay Hammond,andrew88@example.com,733-437-3125,10/16/2002,6178 Steven Ford,Lake Craig,Netherlands,02/28/2024
489,Brian Christensen,mandypetty@example.com,(577)989-5613,07/12/1960,844 Watkins Stream,Port Beth,Australia,01/24/2024
490,Elizabeth Williams,reynoldsjustin@example.org,473.941.6781,07/23/1991,822 Alexis Estates Apt. 798,North Courtney,Eritrea,09/03/2025
491,Jennifer Armstrong,jessica79@example.com,763.883.1828,10/15/1986,3970 Floyd Radial,Powellville,Korea,07/02/2025
492,Jennifer Hurley,rachelholmes@example.org,5507682122,12/27/1994,216 Smith Isle Suite 146,Lake Charles,Pakistan,03/16/2024
493,Kenneth Murphy,wnovak@example.net,6892843699,08/04/1997,05093 Proctor Rapid,Williamport,Oman,01/07/2024
494,Larry Mathis,hollandjustin@example.com,+1-888-970-7152x3867,10/14/1979,209 Hill Tunnel,New Bryanmouth,Lithuania,01/23/2026
495,Janice Hernandez,twagner@example.org,(258)893-7085,10/20/2003,350 Ware Shore,Karlafurt,Hong Kong,02/06/2026
496,Jesus Johnson,jacksonrachel@example.org,001-655-444-2867x96325,09/08/1979,289 Clarke Village,Port Shelia,Mayotte,11/25/2025
497,Gina Martin,cohensabrina@example.org,+1-857-525-6292,06/26/1984,8951 Michelle Parkways,New Jenniferstad,Haiti,07/29/2023
498,Katherine Baker,jherring@example.com,6953744303,02/06/1999,79720 Adrienne Squares,Brandiview,South Africa,08/17/2023
499,Jackson Foster,nguyenshawn@example.com,931-732-5936x78136,07/27/2003,94214 Austin Knoll,South Patrick,Marshall Islands,12/26/2023
500,Kelly Hoffman,katherinesmith@example.com,(738)888-5622,08/09/1962,59867 Ramirez Wall Apt. 275,Tonyaview,Mauritius,02/26/2026
