member_id,customer_name,contact_email,contact_phone,member_city,member_country
M1,Brittany Allen,dyoung@example.net,(219)963-7684x15374,Smithmouth,Turkmenistan
M2,Emily Gonzales,andrew90@example.com,292.288.1352,Wadeport,Sao Tome and Principe
M3,Lisa Lewis,robertsdeborah@example.org,732-476-8549,North Jessicahaven,Bouvet Island (Bouvetoya)
M4,Richard Moran,jillroberts@example.net,3383469510,North Jeremy,Canada
M5,Mark Garcia,fergusoncatherine@example.net,954.915.6885x402,Jonathanshire,Cook Islands
M6,Patricia Smith,waltermckinney@example.com,(502)493-1969x935,Morrisport,Norway
M7,Tammy Rodriguez,scottcurry@example.net,001-847-678-7591x179,Christopherside,Rwanda
M8,Sharon Christensen,nhall@example.org,959.788.9136x7044,Masonport,Cameroon
M9,Brett White,westscott@example.com,001-780-689-8501x1470,Robertmouth,Thailand
M10,Kimberly Knight,odonnellmichael@example.com,337.895.6834x93515,West Mark,Moldova
M11,Rachel Wagner,jeffreyramsey@example.net,+1-963-651-5968x8121,East Ryanhaven,French Guiana
M12,Paul Johnson,torresanthony@example.org,654-734-7512x9415,Terrymouth,Honduras
M13,Kathy Brooks,opadilla@example.org,+1-297-664-8567x17002,North Cynthia,Azerbaijan
M14,Joseph Rose,tinatrevino@example.com,936-303-4543,Millerberg,United Kingdom
M15,Andrea Ross,rgallegos@example.org,+1-274-936-7744,Stephanieborough,Singapore
M16,Joy Colon,jasongraham@example.net,501.887.3161,Jamestown,Cayman Islands
M17,Heather Ray,kevin55@example.net,768.943.5653x024,South Mariah,Azerbaijan
M18,Steven Maldonado,caitlinnunez@example.com,654-260-8730,Freemanville,United States of America
M19,Cynthia Gordon,evelynlynch@example.com,627-698-6069,Kristenmouth,Jamaica
M20,Katherine Fernandez,drogers@example.net,427-626-5573,Christineport,Saint Pierre and Miquelon
M21,Lisa Cox,carla75@example.com,848-298-0736,East Brianberg,Morocco
M22,Brett Cortez,nmartin@example.com,4785227940,West Phillip,Myanmar
M23,Jason Mason,lewispatrick@example.com,001-684-382-2944x16076,New Lisa,Slovakia (Slovak Republic)
M24,Kelly James,ksalazar@example.net,877.550.7014x5460,North Dennis,Cote d'Ivoire
M25,Leslie Hayes,ambergreen@example.org,3246053475,West Thomas,British Virgin Islands
M26,Theresa Hogan,zschwartz@example.com,+1-782-223-2235x3538,New Christy,Afghanistan
M27,Matthew Johnson,tlee@example.net,001-275-761-7986x645,Griffinhaven,Hungary
M28,Cody James,patricksherman@example.com,(300)348-5055,Jamesfort,Ecuador
M29,Logan Graves,stephanie12@example.com,958-339-0101x9915,West Briannaville,Nauru
M30,Mitchell Fisher,prussell@example.org,(307)627-5824,Joshuaview,Turks and Caicos Islands
M31,Cameron Wallace,lopezsara@example.org,(873)525-1263x5593,West Maryborough,Togo
M32,William Thompson,melissa49@example.net,365.645.0101x9433,New Philip,Tokelau
M33,Roy Pearson,fortega@example.net,+1-860-691-4127x7400,North Scott,Algeria
M34,Stephanie Elliott,josemooney@example.org,5056592227,New Rebecca,Oman
M35,Robert Burke,kathrynbell@example.com,(818)292-9777,North Monicamouth,Czech Republic
M36,Donald James,esingh@example.com,529.214.4986x183,North Don,Monaco
M37,Sarah Benton,russell61@example.org,(894)834-4909x902,New William,Kiribati
M38,Chad Reed,leslie91@example.com,386.935.7268x59892,Teresamouth,Seychelles
M39,Kelsey Harrison,paul30@example.net,319-591-0202x69995,New Michelleburgh,Norfolk Island
M40,Stephanie Bailey,zburke@example.net,(988)402-6114x8148,Greenechester,Japan
M41,Raymond Marsh,richard91@example.org,(355)643-9318x51711,Maryborough,Hong Kong
M42,Bruce Kennedy,marvinelliott@example.com,(225)640-6635,West Selena,Niger
M43,Noah Ellis,jdiaz@example.net,001-315-288-6089x7756,Dawnport,Martinique
M44,Wesley Casey,xanderson@example.org,996.566.2021x54955,West Kimberly,Suriname
M45,Heather Morris,smithdustin@example.org,9956749910,Garzaview,Tuvalu
M46,Felicia Elliott,jwilson@example.com,001-914-742-4671x60160,New Jack,Mauritania
M47,Melanie Hodges,jenniferanderson@example.com,2363774181,Douglasfort,Kuwait
M48,Brittany Harris,kimberlymiller@example.com,001-326-613-2276,Lake Tyler,Qatar
M49,Ricardo Morris,jyates@example.com,302-604-5779x49719,Lake Jasonville,Saint Helena
M50,Kevin Gilbert,smithparker@example.org,2702710642,Port Lindseyburgh,Iceland
M51,Jennifer Johnson,logan94@example.net,001-390-383-8726x914,West Austin,Cayman Islands
M52,Martin Newman,sabrinavelasquez@example.net,6358488290,Cassieland,Bahamas
M53,Jessica Brown,angelawall@example.org,(682)917-9061,Patriciaport,Portugal
M54,Todd Brown,damon86@example.net,001-625-723-8172,Port Nicolechester,Lao People's Democratic Republic
M55,Susan Smith,craigrodriguez@example.net,(821)415-6289x5436,Quinnfort,San Marino
M56,Nicole Martinez,laura69@example.com,(976)607-8580,Port Janethaven,Bahamas
M57,Kathleen Brown,stephanie47@example.net,706-632-8286x06354,East Lancefort,Bolivia
M58,Andrew Cherry,sawyerlindsey@example.org,6908249415,West Justin,Bhutan
M59,Daniel Coleman,christinaeverett@example.com,+1-935-404-6360x295,Dawnton,Australia
M60,Carolyn Blackwell,williamhouston@example.net,898.636.2530x487,Lake Ebony,Saint Barthelemy
M61,Wendy Lee,westvickie@example.org,+1-290-327-8283x3551,East Matthew,Gabon
M62,Terrence Jones,lhoward@example.net,677-299-5496x760,Markport,Swaziland
M63,William Ruiz,robertbuckley@example.com,(737)490-7697,East Lindachester,Burundi
M64,Amy Johns,gregorymitchell@example.org,+1-807-443-2822,Port Timothy,Tajikistan
M65,Robert Alexander,crystal53@example.net,(536)608-9898,West Dominicview,Azerbaijan
M66,Kathleen Jones,williamherrera@example.net,001-420-773-2708x663,South Juliemouth,Georgia
M67,Kimberly James,mpalmer@example.org,001-217-275-8191,Port Katie,Thailand
M68,Stephen Sharp,xanderson@example.com,3949504557,Millermouth,United Arab Emirates
M69,Lisa Farrell,vhanson@example.com,368-394-5978x181,New Glennshire,Somalia
M70,Jason Reyes,seanwarren@example.net,(492)895-8581x431,Port Susanstad,Malawi
M71,Dorothy Yang,robert72@example.com,643.733.0690,Sandersland,Nicaragua
M72,Michael Henderson,calvincain@example.net,001-306-812-0251x4804,Jacksonport,Kenya
M73,Calvin Garcia,frobinson@example.com,980-406-8182,Micheleland,Cook Islands
M74,James Davis,fmccarty@example.org,(529)229-1352x2478,Pattersonton,Antarctica (the territory South of 60 deg S)
M75,Lisa Griffin,tranlauren@example.org,+1-284-470-6085,Cindyside,Georgia
M76,Jorge Burgess,christopher01@example.org,724.960.6020,West Darrell,Kyrgyz Republic
M77,Mr. Kenneth Smith,danatorres@example.net,951-763-1260x3198,Port Crystal,Nauru
M78,Donna Rios,iswanson@example.org,424.712.6137,Karenberg,American Samoa
M79,Alejandra Blankenship,qporter@example.net,810.298.4341x68876,East Elizabeth,Micronesia
M80,Marilyn Shaw,april05@example.org,360.504.7905x7385,East James,Ghana
M81,William Sanchez,michaelreyes@example.com,001-442-834-9708x288,South Tony,Lao People's Democratic Republic
M82,Micheal Alvarado,vchavez@example.com,+1-798-937-8739x9661,Murphymouth,Finland
M83,James Johnson,hutchinsonjavier@example.net,(826)518-6453x636,Morrisberg,Niger
M84,Adam Eaton,francisrobert@example.com,676.801.6142,West Zacharyview,Turks and Caicos Islands
M85,David Hoover,tanya83@example.com,963-951-3245,West Scottborough,Swaziland
M86,Paul Bright,ssanchez@example.com,001-635-981-7857x35895,Lake Matthewmouth,Saint Lucia
M87,Karen Andrews,david99@example.org,(714)247-5744,Finleyton,Bolivia
M88,Christopher Craig,peggy97@example.com,+1-967-761-0489x055,Port Grace,Thailand
M89,Jeffrey Leonard,jaimenguyen@example.com,(419)791-3864x97624,North Mark,Poland
M90,Sharon Walker,ppeterson@example.org,(370)410-3335x2057,Jacobborough,Sierra Leone
