cust_key,name,email_address,mobile_number,signup_city,signup_country
CUST1,Matthew Hughes,gonzalezjesse@example.net,001-243-841-7858,East Daniel,French Guiana
CUST2,Brian Hayes,laurengonzalez@example.org,+1-279-554-1172,Jamesfurt,Myanmar
CUST3,Justin Johnson,katie25@example.net,(534)936-6800x6968,Lake Grace,Saudi Arabia
CUST4,Ronnie Sawyer,robertjohnson@example.net,464.274.8682x725,New Melissa,Georgia
CUST5,Julie Jones,rhansen@example.com,(513)247-6150x23227,Lake Michellehaven,Brunei Darussalam
CUST6,Philip Moore,xpetty@example.org,001-612-563-5403,Moonfurt,Comoros
CUST7,Andrea Esparza,mark13@example.com,(745)859-4950x4820,West Brandon,Tunisia
CUST8,Ian Palmer,jking@example.org,980.766.9489x8180,Lake Allison,Madagascar
CUST9,Jason Price,meghandudley@example.org,+1-629-557-9715x227,Anitaberg,Mexico
CUST10,Louis Thomas,williamsadam@example.com,358-978-6792x094,Greenville,North Macedonia
CUST11,Kim Watson,michael26@example.org,(817)395-4539,Troyfort,Botswana
CUST12,George Rivas,perryjonathan@example.com,459.235.5171x8077,New Laura,Fiji
CUST13,Melody Chang,ygomez@example.com,+1-478-240-5198x67729,Lake Meganhaven,Falkland Islands (Malvinas)
CUST14,Krista Roberts,wshelton@example.org,267.954.9408,Baileyton,Montserrat
CUST15,Lorraine Braun,ugrant@example.net,(641)508-6836x7023,Lake Mackenziehaven,Sierra Leone
CUST16,Mrs. Karen Marshall,emily88@example.com,779.267.0921x606,New Stacy,Dominican Republic
CUST17,Melissa Parks,amanda24@example.org,001-461-901-0535x8533,New Jon,Iran
CUST18,Jennifer Moreno,ashleymack@example.org,+1-678-386-8953x51698,Arianafort,Malaysia
CUST19,Daniel Sanford,wigginsmark@example.org,+1-914-610-8320x0111,Steelefurt,British Indian Ocean Territory (Chagos Archipelago)
CUST20,Daniel Jones,jesse55@example.net,001-639-258-8110,Laurenfort,Dominica
CUST21,Anna Ayala,richardsonkimberly@example.net,001-915-980-0284,North Daniel,Mozambique
CUST22,Gerald Hughes,ytaylor@example.net,763-274-3984x59967,East Tombury,Bahrain
CUST23,Victoria Bailey,walkerkristin@example.net,+1-202-350-3458x082,Jasonview,Taiwan
CUST24,Robert Solis,teresa39@example.net,384-719-6391,Hansentown,Spain
CUST25,Jennifer Kline,jamesmorris@example.org,403-428-8448x338,West Penny,American Samoa
CUST26,Lauren Morales,uzimmerman@example.net,555.298.0513,Ashleyville,Bermuda
CUST27,Nancy Miller,gcole@example.net,822.963.5407x494,Micheleview,Greece
CUST28,Caitlin Evans,michael11@example.com,963-671-7184x26774,Sandovalmouth,Antigua and Barbuda
CUST29,Alex Farrell MD,brownethan@example.org,(896)284-8650x1187,Youngshire,Taiwan
CUST30,Carolyn Webb,swilson@example.net,(953)898-4632x0751,Thomasside,Eritrea
CUST31,Ms. April Henry,gonzalezedward@example.org,681-429-6959x685,Lake Kariport,Ukraine
CUST32,Julia Rhodes,ellislaurie@example.com,(939)672-6232,North Jamesfort,Yemen
CUST33,Karen Rollins,kellikim@example.com,925-865-8632,West Ericside,Bahamas
CUST34,William Mclean,richard65@example.com,(297)684-3840,New Andrew,Italy
CUST35,Daniel Ramirez,browndaniel@example.net,(865)339-2318,Smithbury,Saint Martin
CUST36,Susan Benitez,jeffreydoyle@example.org,(362)835-1382x5894,South Shawnchester,Nauru
CUST37,Alicia Hernandez,mary92@example.net,+1-532-864-3736x25484,North Mary,Angola
CUST38,Jessica Lam,lewisandrea@example.com,242-364-0537,Oneillville,Liberia
CUST39,Melinda Martin,andersenlisa@example.net,635.792.1910x7839,Haynesborough,New Caledonia
CUST40,Heather Garcia,jacqueline23@example.org,944.593.7194,South Davidmouth,Sudan
CUST41,John Ray,frankweeks@example.org,470-308-4386x2880,Port Briana,North Macedonia
CUST42,Alan Norton,meaganpowell@example.com,(583)431-1578x02520,Port Josephview,Cote d'Ivoire
CUST43,Donald Navarro,hmills@example.com,345-723-5806x7701,West Emilyview,Ghana
CUST44,Anthony Perkins,evargas@example.net,001-706-409-8764,Sandraland,Wallis and Futuna
CUST45,Janet Torres,amberbrown@example.org,001-704-478-8686x78801,Mercadoborough,Northern Mariana Islands
CUST46,Crystal Cox,fcampbell@example.org,001-887-597-5529x67268,East Matthewton,Estonia
CUST47,Robert Cox,jeremyhughes@example.net,(696)274-7270,Nathanchester,Dominican Republic
CUST48,Michael Kim,warnerdavid@example.org,621-841-9544x6061,Barnettside,Mauritius
CUST49,Regina Garcia,umcdowell@example.net,5484114852,Bowenmouth,Chad
CUST50,Angela Garrett,abigail98@example.org,+1-784-854-6513,Cynthiaside,Korea
CUST51,James Stone,samuelrodriguez@example.net,001-293-394-6757x6096,Port Elizabethmouth,Argentina
CUST52,Samantha Martinez,igallagher@example.com,(832)355-8898x960,Marshallhaven,Dominican Republic
CUST53,Dan Mckinney,blittle@example.com,529.261.4280x23903,West Melanie,United States Virgin Islands
CUST54,Emily Garcia,dcarlson@example.org,(893)238-0827,Benderside,Jordan
CUST55,Wendy Harrington,fwolf@example.com,+1-619-642-4726x378,North Danielle,Palestinian Territory
CUST56,Kelli Ferguson,deanburns@example.org,908-325-3305x9245,West Nicolechester,Paraguay
CUST57,Jason Ross,pgonzalez@example.org,243-540-5405,New Nancy,Jamaica
CUST58,Judith Yoder,kevans@example.org,+1-858-474-1323x942,East Megan,Papua New Guinea
CUST59,Patrick Wise,eileenallen@example.org,+1-697-919-3220x5715,Victorville,Grenada
CUST60,Mark Williamson,amckinney@example.net,(971)983-3462x5745,New Robertberg,Iraq
CUST61,Kathryn Young,stephanie56@example.org,+1-645-287-8335x9435,Hernandezton,Nicaragua
CUST62,Shelby Jordan,lrodriguez@example.com,001-362-829-6169x91827,Deanton,Palau
CUST63,Kyle Gibson,michael88@example.net,792-408-6998x3905,Timothyberg,United States of America
CUST64,John Thomas,tfleming@example.org,471.988.4613,West Andrea,Taiwan
CUST65,Daniel Martin,greensandra@example.org,(725)335-9699,Lake Eddiehaven,United States Virgin Islands
CUST66,Robert Odom,stephanie51@example.org,001-564-779-7130x1322,Randystad,Cuba
CUST67,Tony Shaw Jr.,steven34@example.org,+1-421-948-7382,West Janice,Philippines
CUST68,Kristina Goodwin,williamsveronica@example.com,001-270-403-8359x946,West Douglasville,Iceland
CUST69,Michael Hayes,jrhodes@example.net,001-385-517-6325,Lake David,Angola
CUST70,Anna Foster,santosjessica@example.net,683.981.3805x62036,South Luistown,Saint Pierre and Miquelon
CUST71,Miranda Cooper,maddenashley@example.org,7932016018,North William,Sri Lanka
CUST72,Scott Jackson,danielherrera@example.org,727.627.9684x962,Michaelchester,Ethiopia
CUST73,Curtis Smith,brett37@example.com,988-872-5972x23964,Lake Daniel,Latvia
CUST74,Stephen Mckenzie,danielatkins@example.com,001-776-244-0779x90182,East Lori,Spain
CUST75,Rebecca Johnson,beverly48@example.org,001-802-772-9159x2300,Amyton,Algeria
CUST76,Tiffany Deleon,alison86@example.net,474.836.2046,Youngland,Panama
CUST77,Gabriella Tyler,teresabenitez@example.org,966-897-6885,New Alexandriahaven,Bangladesh
CUST78,Edward Anderson,phines@example.com,001-500-782-7756x1417,Port Sarah,Gambia
CUST79,Manuel Stanley,jwallace@example.com,743-599-5976x2930,North Kevinton,Slovakia (Slovak Republic)
CUST80,Juan Hernandez,georgemartin@example.org,001-258-268-1594x0365,Josephfort,Sierra Leone
CUST81,Francisco Brown,moorematthew@example.net,2557731908,Christinafurt,Palau
CUST82,John Brooks,jose49@example.net,001-461-990-1218,Collinsmouth,Svalbard & Jan Mayen Islands
CUST83,Katie Moyer,banderson@example.net,001-510-642-9394,Jessicaview,Hungary
CUST84,Christian Moore,clarkcourtney@example.org,(260)253-2692,North Angela,French Southern Territories
CUST85,Jeffrey Marshall,robertsjessica@example.org,431-499-8390,East Nicole,Luxembourg
CUST86,Kim Collins,otran@example.org,(356)331-0536,Lewismouth,Norfolk Island
CUST87,Benjamin Jennings,stephensoneric@example.org,(581)436-3551x12239,Pamelamouth,Jordan
CUST88,Jeremy West DDS,ckennedy@example.net,582-225-1783,North Darrellview,Liberia
CUST89,Marco Jones,norrisronald@example.com,2812663158,South Russellfurt,Iraq
CUST90,Cheryl Walton,virginia66@example.org,368-407-2227x683,East Monica,Singapore
CUST91,Christopher Spears,pvega@example.net,751-488-2635x9792,West Scott,Cambodia
CUST92,Colleen Baker,charlesgray@example.com,5379364562,Amandaton,Jamaica
CUST93,Darlene Ochoa,turnerdaniel@example.net,(695)251-9730x225,Michaelborough,Antigua and Barbuda
CUST94,Erika Browning,pamela46@example.org,368-337-7568,Port Theresaton,Grenada
CUST95,Kellie Jennings,chriswhite@example.net,(876)675-8126,Bowmantown,Samoa
CUST96,Cynthia Horne,shepherdryan@example.org,439.999.4149x4751,Judithfort,Northern Mariana Islands
CUST97,Ricky Taylor,wolfevincent@example.org,001-369-997-2342,Allenbury,French Polynesia
CUST98,John Munoz,wanda60@example.org,(224)510-4097,Erinton,Eritrea
CUST99,Brenda Terry,david95@example.org,608-213-6291,Deborahfurt,Uruguay
CUST100,Christina Jackson,fherrera@example.com,(853)524-6004x8415,South Theodore,Turks and Caicos Islands
CUST101,Jonathan Hall,johnsonjames@example.com,960.592.9450x3253,Valeriechester,Martinique
CUST102,Cheyenne Lawson,yharper@example.org,550.475.5170x42474,West Emily,Lithuania
CUST103,Kelsey Rogers,qgould@example.com,7417379669,Lake Evelyn,Montenegro
CUST104,Trevor Kirk,kingwilliam@example.com,513-898-3173x32171,Molinaview,Greenland
CUST105,Christopher Farley,warrenwilliam@example.net,001-259-642-7154x69458,Lake Allisonburgh,Montserrat
CUST106,Larry Morgan,tinaward@example.org,479.921.5258x2639,South Tracy,Barbados
CUST107,Brittany Murphy,bmaxwell@example.org,(982)435-3216x01332,Jacobfort,Maldives
CUST108,Gloria Matthews,mosschad@example.net,749-259-6704x2781,Amandamouth,Saint Helena
CUST109,Jesse Cruz,lori94@example.org,2355183636,Donnaport,Jersey
CUST110,Melanie Foster,probinson@example.com,(688)789-2200,West Leemouth,Somalia
CUST111,Matthew Aguilar,sgreen@example.org,001-981-829-9924x464,North Kellyton,Slovakia (Slovak Republic)
CUST112,Carrie Jones,joseph66@example.net,947.951.4138x681,Masonmouth,Aruba
CUST113,Travis Tyler,ojenkins@example.org,668-441-2293x625,Barbarahaven,Saint Pierre and Miquelon
CUST114,Christopher Wong,nancy07@example.net,673-333-7613x607,Brownfort,Moldova
CUST115,Olivia Anderson,oscar77@example.net,957.797.8966x97281,Jacquelinemouth,Ireland
CUST116,Christine Gregory,skinnernicole@example.net,(776)414-5390x88086,East Sharon,Nepal
CUST117,Tracy Parker,dgreen@example.net,001-936-993-0313,Lake Shawnhaven,Canada
CUST118,Amy Young,ntorres@example.net,3229464647,Suttonshire,New Zealand
CUST119,Brian Miller,yhuber@example.com,807-761-0021,Rachelton,Namibia
CUST120,Cindy Le,julia25@example.org,416.542.3153x29893,Powellbury,Holy See (Vatican City State)
