sub_id,subscriber_name,email_address,contact_number,home_address,suburb,country_name
551,Frank White,frank.white65@example.com,+1-772-174-9243,4822 River Dr,Portland,Spain
552,Quinn Wilson,quinn.wilson69@example.org,+1-456-810-8254,6179 Sunset Blvd,Atlanta,Spain
553,Henry Baker,henry.baker44@example.net,+1-897-571-1448,7897 Maple Ave,Phoenix,Canada
554,Mia King,mia.king29@example.org,+1-918-335-6172,6758 River Dr,Miami,Japan
555,Alice Scott,alice.scott34@example.com,+1-494-195-7536,5604 Maple Ave,Miami,United Kingdom
556,Paul Anderson,paul.anderson46@example.com,+1-787-375-3994,3116 Hill Rd,Detroit,Australia
557,Henry Green,henry.green31@example.net,+1-411-334-4322,4092 Bay Dr,Dallas,France
558,Eva Baker,eva.baker14@example.com,+1-280-792-9071,109 Spring St,San Diego,Japan
559,Bob Martin,bob.martin48@example.org,+1-522-604-5501,8042 Pine St,Minneapolis,Japan
560,Irene Jackson,irene.jackson29@example.org,+1-331-155-9613,6934 Hill Rd,Miami,United States
561,Quinn Thomas,quinn.thomas51@example.org,+1-994-278-8490,1973 Valley Rd,Miami,Sweden
562,Karen Scott,karen.scott2@example.com,+1-890-315-7216,9520 Maple Ave,Seattle,France
563,Tina Wilson,tina.wilson24@example.org,+1-469-342-5413,7723 Sunset Blvd,Seattle,France
564,Frank Martin,frank.martin55@example.com,+1-629-817-7099,5982 Bay Dr,Boston,Germany
565,Olivia Garcia,olivia.garcia74@example.com,+1-789-802-4744,1637 Valley Rd,Phoenix,Spain
566,Henry Moore,henry.moore56@example.net,+1-400-249-3450,7750 Spring St,Austin,United Kingdom
567,Nathan Martin,nathan.martin18@example.org,+1-729-646-6172,7973 Elm Blvd,Phoenix,Japan
568,Blake Young,blake.young7@example.net,+1-301-807-3676,984 Cedar Rd,San Diego,Germany
569,Paul Nelson,paul.nelson81@example.com,+1-660-862-6483,4257 River Dr,Seattle,Japan
570,Rachel Adams,rachel.adams33@example.net,+1-220-521-2986,5753 Bay Dr,Nashville,Brazil
571,Grace Young,grace.young74@example.org,+1-864-651-3859,4664 River Dr,Seattle,Mexico
572,Quinn Martin,quinn.martin95@example.net,+1-280-490-5694,7599 Forest Ave,Denver,Italy
573,Frank King,frank.king44@example.net,+1-846-727-7631,1169 Maple Ave,Denver,France
574,Henry Anderson,henry.anderson41@example.org,+1-498-827-5382,9919 Forest Ave,Boston,Germany
575,Cleo Harris,cleo.harris47@example.org,+1-801-633-8377,6783 Pine St,Denver,Italy
576,Alice Jones,alice.jones94@example.com,+1-877-357-2311,3451 Pine St,Boston,Canada
577,David Williams,david.williams61@example.org,+1-255-126-7504,8585 Spring St,Portland,Canada
578,Irene Allen,irene.allen20@example.com,+1-870-499-6068,3758 Cedar Rd,Detroit,Germany
579,Olivia King,olivia.king17@example.com,+1-739-958-3795,469 Oak Lane,Nashville,France
580,Blake Anderson,blake.anderson61@example.net,+1-753-378-9987,7289 Pine St,Detroit,Japan
581,Frank Young,frank.young77@example.net,+1-846-866-8126,8577 Forest Ave,Nashville,Japan
582,Jack Thomas,jack.thomas62@example.org,+1-432-924-2467,7240 Elm Blvd,Seattle,Netherlands
583,Irene Jones,irene.jones39@example.com,+1-200-635-3233,5635 Elm Blvd,Atlanta,Japan
584,Alice Scott,alice.scott63@example.net,+1-506-109-8052,4800 Sunset Blvd,Chicago,Spain
585,Alice Moore,alice.moore48@example.com,+1-621-674-8161,6468 Cedar Rd,Denver,India
586,Xavier King,xavier.king50@example.net,+1-425-369-2297,6918 Forest Ave,Chicago,Japan
587,Yara Adams,yara.adams79@example.org,+1-901-378-5664,8716 Spring St,Phoenix,Netherlands
588,Grace Williams,grace.williams24@example.com,+1-496-213-8460,7419 Elm Blvd,Detroit,Brazil
589,Paul Miller,paul.miller42@example.com,+1-355-150-9764,363 Pine St,Portland,Germany
590,Irene Jones,irene.jones92@example.net,+1-944-108-4814,1478 Pine St,Austin,Sweden
591,Grace Anderson,grace.anderson54@example.net,+1-710-480-8597,520 River Dr,Portland,Italy
592,Yara Jones,yara.jones8@example.net,+1-994-501-2169,8900 Hill Rd,Denver,Australia
593,Cleo Nelson,cleo.nelson33@example.net,+1-212-224-5078,6305 Spring St,Atlanta,Australia
594,Xavier Johnson,xavier.johnson26@example.net,+1-952-889-2539,8539 Forest Ave,Chicago,Sweden
595,Mia Wright,mia.wright40@example.net,+1-362-744-1691,9005 Lake St,Portland,Germany
596,Paul King,paul.king39@example.com,+1-569-153-4568,1851 Cedar Rd,Nashville,Netherlands
597,Karen Smith,karen.smith22@example.net,+1-798-222-7484,3983 Oak Lane,Austin,Brazil
598,Zach Scott,zach.scott61@example.org,+1-810-258-7084,1467 Cedar Rd,Denver,Sweden
599,Clara Wright,clara.wright80@example.net,+1-977-740-1983,980 River Dr,Nashville,United Kingdom
600,Wendy Moore,wendy.moore14@example.com,+1-699-338-6189,9149 Spring St,Nashville,Spain
601,Leo Adams,leo.adams57@example.org,+1-397-121-7189,5869 Valley Rd,Denver,Germany
602,Cleo Johnson,cleo.johnson63@example.org,+1-648-672-5828,8893 Valley Rd,Atlanta,Australia
603,Sam Garcia,sam.garcia70@example.net,+1-531-849-8674,4511 Bay Dr,San Diego,Brazil
604,Dean Moore,dean.moore21@example.com,+1-743-258-8362,4845 Bay Dr,Phoenix,Japan
605,Leo Harris,leo.harris1@example.org,+1-718-488-4039,307 Sunset Blvd,San Diego,France
606,Yara Allen,yara.allen31@example.net,+1-938-164-9830,6349 Cedar Rd,Miami,Mexico
607,Paul Baker,paul.baker71@example.com,+1-827-389-6285,6715 Forest Ave,Seattle,Canada
608,David Thompson,david.thompson85@example.com,+1-244-955-3126,2927 Bay Dr,Austin,Australia
609,David Martin,david.martin25@example.com,+1-232-684-7366,8027 Lake St,Dallas,India
610,Sam Wilson,sam.wilson7@example.net,+1-426-720-2161,215 Cedar Rd,Nashville,Sweden
611,Dean Nelson,dean.nelson11@example.net,+1-854-162-6913,9143 Valley Rd,Tampa,Netherlands
612,Aria Thomas,aria.thomas91@example.com,+1-831-372-9667,667 Valley Rd,Portland,Italy
613,Jack Williams,jack.williams28@example.org,+1-299-203-4784,8711 Park Way,Chicago,Australia
614,Quinn Wright,quinn.wright32@example.org,+1-840-283-7802,1729 Spring St,Nashville,Brazil
615,Leo Wright,leo.wright59@example.org,+1-881-537-2705,2734 Spring St,Denver,Japan
616,Mia Thompson,mia.thompson44@example.org,+1-361-646-8258,5773 River Dr,Miami,France
617,Blake Thomas,blake.thomas53@example.org,+1-640-945-6299,9969 Cedar Rd,Dallas,Japan
618,Grace Jackson,grace.jackson99@example.org,+1-962-360-6898,7413 Hill Rd,Boston,United States
619,Xavier Johnson,xavier.johnson37@example.org,+1-216-630-3213,4946 Oak Lane,Phoenix,Australia
620,Grace Anderson,grace.anderson3@example.org,+1-482-666-9376,9115 Sunset Blvd,Tampa,Brazil
621,Eva Brown,eva.brown5@example.net,+1-564-259-3267,4342 River Dr,Tampa,Brazil
622,Henry Davis,henry.davis33@example.net,+1-294-684-7550,9324 Cedar Rd,Detroit,Canada
623,Xavier Anderson,xavier.anderson62@example.com,+1-699-945-2562,9753 Forest Ave,Phoenix,United States
624,Xavier Adams,xavier.adams74@example.net,+1-280-898-1916,5479 River Dr,Tampa,Italy
625,Nathan White,nathan.white16@example.com,+1-965-768-1187,6267 Oak Lane,Phoenix,Japan
626,Bob Anderson,bob.anderson70@example.org,+1-353-434-9231,3618 Pine St,Austin,Mexico
627,Xavier Jackson,xavier.jackson58@example.org,+1-789-616-2475,3639 Park Way,Phoenix,Spain
628,Mia Jones,mia.jones17@example.net,+1-284-587-1807,8981 Park Way,Phoenix,Canada
629,Mia Thompson,mia.thompson56@example.org,+1-333-880-3209,7880 Lake St,Chicago,Sweden
630,Mia King,mia.king74@example.com,+1-774-730-9589,4035 Cedar Rd,Portland,Germany
631,Yara White,yara.white42@example.org,+1-789-191-2843,6777 Park Way,Seattle,France
632,Grace Anderson,grace.anderson45@example.org,+1-871-124-5994,2774 River Dr,Dallas,Italy
633,Zach Harris,zach.harris80@example.com,+1-651-145-4825,3272 Forest Ave,Seattle,United Kingdom
634,Yara Green,yara.green11@example.com,+1-957-155-4982,2420 Bay Dr,San Diego,Italy
635,Jack Smith,jack.smith44@example.org,+1-313-412-8373,7720 Oak Lane,Seattle,Australia
636,Xavier Moore,xavier.moore28@example.com,+1-759-635-5237,8992 Hill Rd,Dallas,India
637,Eva Scott,eva.scott90@example.org,+1-218-485-9631,713 Elm Blvd,Denver,United States
638,Jack Miller,jack.miller90@example.org,+1-477-154-8617,137 Maple Ave,Boston,Mexico
639,Irene Wright,irene.wright85@example.net,+1-310-119-5792,6333 Cedar Rd,Boston,Japan
640,Wendy Brown,wendy.brown41@example.net,+1-811-644-2442,3055 Cedar Rd,Miami,Sweden
641,Rachel Scott,rachel.scott3@example.com,+1-453-642-5995,5466 Hill Rd,Boston,India
642,Frank Smith,frank.smith45@example.org,+1-560-463-5953,3870 Lake St,Phoenix,Spain
643,Bob King,bob.king33@example.net,+1-230-668-5590,3696 Pine St,Seattle,Netherlands
644,Victor Jones,victor.jones12@example.org,+1-591-633-4726,6838 Cedar Rd,Dallas,United Kingdom
645,Nathan Taylor,nathan.taylor78@example.net,+1-659-655-3158,3388 Forest Ave,Denver,Brazil
646,Rachel Wright,rachel.wright26@example.com,+1-516-805-9582,2216 Park Way,Tampa,Spain
647,Eva King,eva.king73@example.com,+1-525-169-9732,1940 Pine St,Seattle,Italy
648,Cleo Jones,cleo.jones94@example.com,+1-983-426-7783,6738 Elm Blvd,Atlanta,India
649,Dean Nelson,dean.nelson82@example.org,+1-480-255-4079,1750 Pine St,Denver,United States
650,Yara Allen,yara.allen79@example.net,+1-820-680-4783,9771 Cedar Rd,Chicago,Mexico
